ioc_id,ioc_type,event_id,session,eventid
1,ip,1,967e31c9559c,cowrie.session.connect
2,credential,4,967e31c9559c,cowrie.login.failed
4,credential,9,58bf11c95e71,cowrie.login.success
6,credential,17,d72c1eb2167d,cowrie.login.failed
8,credential,23,1fce9b11e734,cowrie.login.failed
10,credential,25,b997cc0dccc2,cowrie.login.failed
12,credential,29,1aedc214aab1,cowrie.login.failed
14,credential,33,28a8bd9a5489,cowrie.login.failed
16,credential,39,ba9aa59deb0f,cowrie.login.failed
18,credential,43,e96bf8666ae7,cowrie.login.failed
20,credential,46,70387499fb96,cowrie.login.failed
24,credential,62,5c1b5166a643,cowrie.login.failed
28,credential,78,27f69a4f49da,cowrie.login.failed
36,credential,94,e9658e55aedf,cowrie.login.failed
40,credential,102,df89e4dadb35,cowrie.login.failed
52,credential,135,ed1ad2a655a2,cowrie.login.failed
100,credential,271,85c705b89d14,cowrie.login.success
104,credential,292,83d7864b9ccd,cowrie.login.success
170,credential,494,99d106dbaafc,cowrie.login.success
346,credential,1018,953f51b1ec1f,cowrie.login.success
362,credential,1073,74dbe0ba1388,cowrie.login.success
