id,workflow,modo,estado,inicio,fin
753,event-ingest,webhook,success,2026-10-05 18:28:03.200,2026-10-05 18:28:03.792
754,event-ingest,webhook,success,2026-10-05 18:28:03.269,2026-10-05 18:28:03.788
755,event-ingest,webhook,success,2026-10-05 18:28:03.308,2026-10-05 18:28:03.794
756,event-ingest,webhook,success,2026-10-05 18:28:03.349,2026-10-05 18:28:03.819
757,event-ingest,webhook,success,2026-10-05 18:28:03.385,2026-10-05 18:28:03.808
758,event-ingest,webhook,success,2026-10-05 18:28:03.460,2026-10-05 18:28:03.904
759,event-ingest,webhook,success,2026-10-05 18:28:03.495,2026-10-05 18:28:03.905
760,event-ingest,webhook,success,2026-10-05 18:28:03.541,2026-10-05 18:28:03.981
761,event-ingest,webhook,success,2026-10-05 18:28:03.579,2026-10-05 18:28:03.955
762,event-ingest,webhook,success,2026-10-05 18:28:03.621,2026-10-05 18:28:04.117
763,event-ingest,webhook,success,2026-10-05 18:28:03.735,2026-10-05 18:28:04.136
764,event-ingest,webhook,success,2026-10-05 18:28:03.823,2026-10-05 18:28:04.282
765,event-ingest,webhook,success,2026-10-05 18:28:03.970,2026-10-05 18:28:04.379
766,event-ingest,webhook,success,2026-10-05 18:28:04.044,2026-10-05 18:28:04.502
767,event-ingest,webhook,success,2026-10-05 18:28:04.081,2026-10-05 18:28:04.449
768,event-ingest,webhook,success,2026-10-05 18:28:04.148,2026-10-05 18:28:04.531
769,event-ingest,webhook,success,2026-10-05 18:28:04.211,2026-10-05 18:28:04.663
770,event-ingest,webhook,success,2026-10-05 18:28:04.265,2026-10-05 18:28:04.673
771,event-ingest,webhook,success,2026-10-05 18:28:04.332,2026-10-05 18:28:04.782
772,event-ingest,webhook,success,2026-10-05 18:28:04.374,2026-10-05 18:28:04.749
773,event-ingest,webhook,success,2026-10-05 18:28:04.440,2026-10-05 18:28:04.863
774,event-ingest,webhook,success,2026-10-05 18:28:04.511,2026-10-05 18:28:04.906
775,event-ingest,webhook,success,2026-10-05 18:28:05.477,2026-10-05 18:28:05.849
776,event-ingest,webhook,success,2026-10-05 18:28:05.512,2026-10-05 18:28:05.910
777,event-ingest,webhook,success,2026-10-05 18:28:05.543,2026-10-05 18:28:05.898
778,event-ingest,webhook,success,2026-10-05 18:28:05.580,2026-10-05 18:28:05.980
779,event-ingest,webhook,success,2026-10-05 18:28:07.724,2026-10-05 18:28:08.092
780,event-ingest,webhook,success,2026-10-05 18:28:07.764,2026-10-05 18:28:08.194
781,event-ingest,webhook,success,2026-10-05 18:28:07.812,2026-10-05 18:28:08.192
782,event-ingest,webhook,success,2026-10-05 18:28:07.850,2026-10-05 18:28:08.307
783,event-ingest,webhook,success,2026-10-05 18:28:09.727,2026-10-05 18:28:10.108
784,event-ingest,webhook,success,2026-10-05 18:28:09.759,2026-10-05 18:28:10.191
785,event-ingest,webhook,success,2026-10-05 18:28:09.791,2026-10-05 18:28:10.188
786,event-ingest,webhook,success,2026-10-05 18:28:09.843,2026-10-05 18:28:10.252
787,event-ingest,webhook,success,2026-10-05 18:28:09.878,2026-10-05 18:28:10.242
788,event-ingest,webhook,success,2026-10-05 18:28:09.915,2026-10-05 18:28:10.344
789,event-ingest,webhook,success,2026-10-05 18:28:09.953,2026-10-05 18:28:10.329
790,event-ingest,webhook,success,2026-10-05 18:28:09.992,2026-10-05 18:28:10.449
791,event-ingest,webhook,success,2026-10-05 18:28:10.031,2026-10-05 18:28:10.391
792,event-ingest,webhook,success,2026-10-05 18:28:10.076,2026-10-05 18:28:12.209
793,event-ingest,webhook,success,2026-10-05 18:29:21.323,2026-10-05 18:29:21.936
794,event-ingest,webhook,success,2026-10-05 18:29:21.390,2026-10-05 18:29:21.929
795,event-ingest,webhook,success,2026-10-05 18:29:47.248,2026-10-05 18:29:47.647
796,event-ingest,webhook,success,2026-10-05 18:29:47.296,2026-10-05 18:29:47.755
797,event-ingest,webhook,success,2026-10-05 18:29:47.350,2026-10-05 18:29:47.740
798,event-ingest,webhook,success,2026-10-05 18:29:47.404,2026-10-05 18:29:47.831
799,ioc-extractor,trigger,success,2026-10-05 18:30:00.044,2026-10-05 18:30:00.729
800,health-monitor,trigger,success,2026-10-05 18:30:00.056,2026-10-05 18:30:00.571
801,event-ingest,webhook,success,2026-10-05 18:30:11.465,2026-10-05 18:30:11.849
802,event-ingest,webhook,success,2026-10-05 18:30:11.512,2026-10-05 18:30:11.922
803,event-ingest,webhook,success,2026-10-05 18:30:11.543,2026-10-05 18:30:11.929
804,event-ingest,webhook,success,2026-10-05 18:30:11.580,2026-10-05 18:30:12.058
805,event-ingest,webhook,success,2026-10-05 18:30:13.721,2026-10-05 18:30:14.074
806,event-ingest,webhook,success,2026-10-05 18:30:13.754,2026-10-05 18:30:14.177
807,event-ingest,webhook,success,2026-10-05 18:30:13.786,2026-10-05 18:30:14.145
808,event-ingest,webhook,success,2026-10-05 18:30:13.824,2026-10-05 18:30:14.225
809,event-ingest,webhook,success,2026-10-05 18:30:15.660,2026-10-05 18:30:16.112
810,event-ingest,webhook,success,2026-10-05 18:30:15.695,2026-10-05 18:30:16.100
811,event-ingest,webhook,success,2026-10-05 18:30:15.725,2026-10-05 18:30:16.116
812,event-ingest,webhook,success,2026-10-05 18:30:15.757,2026-10-05 18:30:16.168
813,event-ingest,webhook,success,2026-10-05 18:30:17.590,2026-10-05 18:30:17.964
814,event-ingest,webhook,success,2026-10-05 18:30:17.629,2026-10-05 18:30:18.090
815,event-ingest,webhook,success,2026-10-05 18:30:17.662,2026-10-05 18:30:18.042
816,event-ingest,webhook,success,2026-10-05 18:30:17.702,2026-10-05 18:30:18.112
817,event-ingest,webhook,success,2026-10-05 18:30:19.836,2026-10-05 18:30:20.217
818,event-ingest,webhook,success,2026-10-05 18:30:19.873,2026-10-05 18:30:20.277
819,event-ingest,webhook,success,2026-10-05 18:30:19.902,2026-10-05 18:30:20.279
820,event-ingest,webhook,success,2026-10-05 18:30:19.946,2026-10-05 18:30:20.350
821,event-ingest,webhook,success,2026-10-05 18:30:21.787,2026-10-05 18:30:22.221
822,event-ingest,webhook,success,2026-10-05 18:30:21.823,2026-10-05 18:30:22.238
823,event-ingest,webhook,success,2026-10-05 18:30:21.854,2026-10-05 18:30:22.249
824,event-ingest,webhook,success,2026-10-05 18:30:21.893,2026-10-05 18:30:22.305
825,event-ingest,webhook,success,2026-10-05 18:30:21.925,2026-10-05 18:30:22.283
826,event-ingest,webhook,success,2026-10-05 18:30:21.957,2026-10-05 18:30:22.368
827,event-ingest,webhook,success,2026-10-05 18:30:22.886,2026-10-05 18:30:23.241
828,event-ingest,webhook,success,2026-10-05 18:30:23.822,2026-10-05 18:30:24.184
829,event-ingest,webhook,success,2026-10-05 18:30:24.459,2026-10-05 18:30:24.832
830,event-ingest,webhook,success,2026-10-05 18:30:25.392,2026-10-05 18:30:25.768
831,event-ingest,webhook,success,2026-10-05 18:30:26.322,2026-10-05 18:30:26.705
832,event-ingest,webhook,success,2026-10-05 18:30:26.963,2026-10-05 18:30:27.334
833,event-ingest,webhook,success,2026-10-05 18:30:26.996,2026-10-05 18:30:27.393
834,event-ingest,webhook,success,2026-10-05 18:30:27.926,2026-10-05 18:30:28.283
835,event-ingest,webhook,success,2026-10-05 18:30:27.954,2026-10-05 18:30:28.357
836,event-ingest,webhook,success,2026-10-05 18:30:27.982,2026-10-05 18:30:28.356
837,event-ingest,webhook,success,2026-10-05 18:30:28.020,2026-10-05 18:30:28.404
838,event-ingest,webhook,success,2026-10-05 18:30:30.149,2026-10-05 18:30:30.522
839,event-ingest,webhook,success,2026-10-05 18:30:30.185,2026-10-05 18:30:30.601
840,event-ingest,webhook,success,2026-10-05 18:30:30.215,2026-10-05 18:30:30.576
841,event-ingest,webhook,success,2026-10-05 18:30:30.252,2026-10-05 18:30:30.648
842,event-ingest,webhook,success,2026-10-05 18:30:32.084,2026-10-05 18:30:32.468
843,event-ingest,webhook,success,2026-10-05 18:30:32.116,2026-10-05 18:30:32.629
844,event-ingest,webhook,success,2026-10-05 18:30:32.183,2026-10-05 18:30:32.618
845,event-ingest,webhook,success,2026-10-05 18:30:32.264,2026-10-05 18:30:32.755
846,event-ingest,webhook,success,2026-10-05 18:30:32.330,2026-10-05 18:30:32.704
847,event-ingest,webhook,success,2026-10-05 18:30:32.387,2026-10-05 18:30:32.860
848,event-ingest,webhook,success,2026-10-05 18:30:32.430,2026-10-05 18:30:32.841
849,health-monitor,trigger,success,2026-10-05 18:35:00.028,2026-10-05 18:35:00.094
850,health-monitor,trigger,success,2026-10-05 18:40:00.030,2026-10-05 18:40:00.137
851,ioc-extractor,trigger,success,2026-10-05 18:45:00.035,2026-10-05 18:45:00.388
852,health-monitor,trigger,success,2026-10-05 18:45:00.043,2026-10-05 18:45:00.313
853,health-monitor,trigger,success,2026-10-05 18:50:00.025,2026-10-05 18:50:00.089
854,health-monitor,trigger,success,2026-10-05 18:55:00.027,2026-10-05 18:55:00.076
855,health-monitor,trigger,success,2026-10-05 19:00:00.045,2026-10-05 19:00:00.279
856,ioc-extractor,trigger,success,2026-10-05 19:00:00.055,2026-10-05 19:00:00.273
857,health-monitor,trigger,success,2026-10-05 19:05:00.036,2026-10-05 19:05:00.228
858,event-ingest,webhook,success,2026-10-05 19:06:31.648,2026-10-05 19:06:32.086
859,event-ingest,webhook,success,2026-10-05 19:06:31.684,2026-10-05 19:06:32.106
860,event-ingest,webhook,success,2026-10-05 19:06:31.713,2026-10-05 19:06:32.097
861,event-ingest,webhook,success,2026-10-05 19:06:31.754,2026-10-05 19:06:32.159
862,event-ingest,webhook,success,2026-10-05 19:06:33.594,2026-10-05 19:06:33.999
863,event-ingest,webhook,success,2026-10-05 19:06:33.627,2026-10-05 19:06:34.043
864,event-ingest,webhook,success,2026-10-05 19:06:33.656,2026-10-05 19:06:34.034
865,event-ingest,webhook,success,2026-10-05 19:06:33.698,2026-10-05 19:06:34.119
866,event-ingest,webhook,success,2026-10-05 19:06:35.546,2026-10-05 19:06:35.901
867,event-ingest,webhook,success,2026-10-05 19:06:35.577,2026-10-05 19:06:35.973
868,event-ingest,webhook,success,2026-10-05 19:06:35.603,2026-10-05 19:06:36.001
869,event-ingest,webhook,success,2026-10-05 19:06:35.635,2026-10-05 19:06:36.043
870,event-ingest,webhook,success,2026-10-05 19:06:37.777,2026-10-05 19:06:38.137
871,event-ingest,webhook,success,2026-10-05 19:06:37.812,2026-10-05 19:06:38.209
872,event-ingest,webhook,success,2026-10-05 19:06:37.839,2026-10-05 19:06:38.211
873,event-ingest,webhook,success,2026-10-05 19:06:37.871,2026-10-05 19:06:38.275
874,event-ingest,webhook,success,2026-10-05 19:06:39.699,2026-10-05 19:06:40.062
875,event-ingest,webhook,success,2026-10-05 19:06:39.730,2026-10-05 19:06:40.120
876,event-ingest,webhook,success,2026-10-05 19:06:39.761,2026-10-05 19:06:40.111
877,event-ingest,webhook,success,2026-10-05 19:06:39.792,2026-10-05 19:06:40.186
878,event-ingest,webhook,success,2026-10-05 19:06:41.928,2026-10-05 19:06:42.299
879,event-ingest,webhook,success,2026-10-05 19:06:41.957,2026-10-05 19:06:42.374
880,event-ingest,webhook,success,2026-10-05 19:06:41.984,2026-10-05 19:06:42.362
881,event-ingest,webhook,success,2026-10-05 19:06:42.028,2026-10-05 19:06:42.427
882,event-ingest,webhook,success,2026-10-05 19:06:43.865,2026-10-05 19:06:44.251
883,event-ingest,webhook,success,2026-10-05 19:06:43.911,2026-10-05 19:06:44.348
884,event-ingest,webhook,success,2026-10-05 19:06:43.950,2026-10-05 19:06:44.333
885,event-ingest,webhook,success,2026-10-05 19:06:44.001,2026-10-05 19:06:44.414
886,event-ingest,webhook,success,2026-10-05 19:06:45.843,2026-10-05 19:06:46.206
887,event-ingest,webhook,success,2026-10-05 19:06:45.871,2026-10-05 19:06:46.309
888,event-ingest,webhook,success,2026-10-05 19:06:45.913,2026-10-05 19:06:46.292
889,event-ingest,webhook,success,2026-10-05 19:06:45.976,2026-10-05 19:06:46.378
890,event-ingest,webhook,success,2026-10-05 19:06:48.115,2026-10-05 19:06:48.465
891,event-ingest,webhook,success,2026-10-05 19:06:48.146,2026-10-05 19:06:48.531
892,event-ingest,webhook,success,2026-10-05 19:06:48.172,2026-10-05 19:06:48.544
893,event-ingest,webhook,success,2026-10-05 19:06:48.201,2026-10-05 19:06:50.294
894,event-ingest,webhook,success,2026-10-05 19:06:48.228,2026-10-05 19:06:50.286
895,event-ingest,webhook,success,2026-10-05 19:06:48.257,2026-10-05 19:06:50.329
896,event-ingest,webhook,success,2026-10-05 19:06:49.198,2026-10-05 19:06:51.234
897,event-ingest,webhook,success,2026-10-05 19:06:49.829,2026-10-05 19:06:51.863
898,event-ingest,webhook,success,2026-10-05 19:06:50.768,2026-10-05 19:06:52.802
899,event-ingest,webhook,success,2026-10-05 19:06:51.393,2026-10-05 19:06:53.421
900,event-ingest,webhook,success,2026-10-05 19:06:52.325,2026-10-05 19:06:54.354
901,event-ingest,webhook,success,2026-10-05 19:06:53.257,2026-10-05 19:06:55.294
902,event-ingest,webhook,success,2026-10-05 19:06:53.895,2026-10-05 19:06:55.937
903,event-ingest,webhook,success,2026-10-05 19:06:54.831,2026-10-05 19:06:56.870
904,event-ingest,webhook,success,2026-10-05 19:06:54.861,2026-10-05 19:06:56.936
905,event-ingest,webhook,success,2026-10-05 19:06:55.811,2026-10-05 19:06:57.853
906,event-ingest,webhook,success,2026-10-05 19:06:55.846,2026-10-05 19:06:57.935
907,event-ingest,webhook,success,2026-10-05 19:06:55.884,2026-10-05 19:06:57.923
908,event-ingest,webhook,success,2026-10-05 19:06:55.921,2026-10-05 19:06:58.018
909,event-ingest,webhook,success,2026-10-05 19:06:55.960,2026-10-05 19:06:58.002
910,event-ingest,webhook,success,2026-10-05 19:06:56.002,2026-10-05 19:06:58.186
911,event-ingest,webhook,success,2026-10-05 19:06:56.058,2026-10-05 19:06:58.135
912,event-ingest,webhook,success,2026-10-05 19:06:56.141,2026-10-05 19:06:58.248
913,event-ingest,webhook,error,2026-10-05 19:08:06.185,2026-10-05 19:08:06.808
914,event-ingest,webhook,error,2026-10-05 19:08:06.236,2026-10-05 19:08:06.729
915,event-ingest,webhook,error,2026-10-05 19:08:06.275,2026-10-05 19:08:06.738
916,event-ingest,webhook,error,2026-10-05 19:08:06.312,2026-10-05 19:08:06.815
917,event-ingest,webhook,error,2026-10-05 19:08:08.154,2026-10-05 19:08:08.530
918,event-ingest,webhook,error,2026-10-05 19:08:08.187,2026-10-05 19:08:08.595
919,event-ingest,webhook,error,2026-10-05 19:08:08.216,2026-10-05 19:08:08.568
920,event-ingest,webhook,error,2026-10-05 19:08:08.249,2026-10-05 19:08:08.636
921,event-ingest,webhook,error,2026-10-05 19:08:10.392,2026-10-05 19:08:10.751
922,event-ingest,webhook,error,2026-10-05 19:08:10.420,2026-10-05 19:08:10.812
923,event-ingest,webhook,error,2026-10-05 19:08:10.449,2026-10-05 19:08:10.794
924,event-ingest,webhook,error,2026-10-05 19:08:10.477,2026-10-05 19:08:10.867
925,event-ingest,webhook,error,2026-10-05 19:08:12.315,2026-10-05 19:08:12.677
926,event-ingest,webhook,error,2026-10-05 19:08:12.350,2026-10-05 19:08:12.760
927,event-ingest,webhook,error,2026-10-05 19:08:12.381,2026-10-05 19:08:12.735
928,event-ingest,webhook,error,2026-10-05 19:08:12.414,2026-10-05 19:08:12.813
929,event-ingest,webhook,error,2026-10-05 19:08:14.549,2026-10-05 19:08:14.894
930,event-ingest,webhook,error,2026-10-05 19:08:14.581,2026-10-05 19:08:14.989
931,event-ingest,webhook,error,2026-10-05 19:08:14.618,2026-10-05 19:08:14.976
932,event-ingest,webhook,error,2026-10-05 19:08:14.663,2026-10-05 19:08:15.074
933,event-ingest,webhook,error,2026-10-05 19:08:14.701,2026-10-05 19:08:15.054
934,event-ingest,webhook,error,2026-10-05 19:08:14.733,2026-10-05 19:08:15.112
935,event-ingest,webhook,error,2026-10-05 19:08:15.664,2026-10-05 19:08:16.009
936,event-ingest,webhook,error,2026-10-05 19:08:16.295,2026-10-05 19:08:16.640
937,event-ingest,webhook,error,2026-10-05 19:08:17.227,2026-10-05 19:08:17.570
938,event-ingest,webhook,error,2026-10-05 19:08:17.855,2026-10-05 19:08:18.221
939,event-ingest,webhook,error,2026-10-05 19:08:18.786,2026-10-05 19:08:19.155
940,event-ingest,webhook,error,2026-10-05 19:08:19.418,2026-10-05 19:08:19.762
941,event-ingest,webhook,error,2026-10-05 19:08:20.347,2026-10-05 19:08:20.696
942,event-ingest,webhook,error,2026-10-05 19:08:20.376,2026-10-05 19:08:20.779
943,event-ingest,webhook,error,2026-10-05 19:08:21.311,2026-10-05 19:08:23.349
944,event-ingest,webhook,error,2026-10-05 19:08:21.339,2026-10-05 19:08:23.418
945,event-ingest,webhook,error,2026-10-05 19:08:21.366,2026-10-05 19:08:23.404
946,event-ingest,webhook,error,2026-10-05 19:08:21.408,2026-10-05 19:08:23.488
947,health-monitor,trigger,error,2026-10-05 19:10:00.024,2026-10-05 19:10:00.101
948,ioc-extractor,trigger,error,2026-10-05 19:15:00.035,2026-10-05 19:15:00.074
949,health-monitor,trigger,error,2026-10-05 19:15:00.042,2026-10-05 19:15:00.170
950,event-ingest,webhook,success,2026-10-05 19:16:48.066,2026-10-05 19:16:48.597
951,event-ingest,webhook,success,2026-10-05 19:16:48.121,2026-10-05 19:16:48.597
952,event-ingest,webhook,success,2026-10-05 19:16:48.157,2026-10-05 19:16:48.594
953,event-ingest,webhook,success,2026-10-05 19:16:48.206,2026-10-05 19:16:48.629
954,event-ingest,webhook,success,2026-10-05 19:16:50.366,2026-10-05 19:16:50.744
955,event-ingest,webhook,success,2026-10-05 19:16:50.405,2026-10-05 19:16:50.793
956,event-ingest,webhook,success,2026-10-05 19:16:50.435,2026-10-05 19:16:50.802
957,event-ingest,webhook,success,2026-10-05 19:16:50.476,2026-10-05 19:16:50.843
958,event-ingest,webhook,success,2026-10-05 19:16:52.313,2026-10-05 19:16:52.654
959,event-ingest,webhook,success,2026-10-05 19:16:52.343,2026-10-05 19:16:52.722
960,event-ingest,webhook,success,2026-10-05 19:16:52.371,2026-10-05 19:16:52.711
961,event-ingest,webhook,success,2026-10-05 19:16:52.406,2026-10-05 19:16:52.777
962,event-ingest,webhook,success,2026-10-05 19:16:54.231,2026-10-05 19:16:54.582
963,event-ingest,webhook,success,2026-10-05 19:16:54.257,2026-10-05 19:16:54.645
964,event-ingest,webhook,success,2026-10-05 19:16:54.283,2026-10-05 19:16:54.638
965,event-ingest,webhook,success,2026-10-05 19:16:54.314,2026-10-05 19:16:54.741
966,event-ingest,webhook,success,2026-10-05 19:16:56.469,2026-10-05 19:16:56.946
967,event-ingest,webhook,success,2026-10-05 19:16:56.624,2026-10-05 19:16:57.027
968,event-ingest,webhook,success,2026-10-05 19:16:56.676,2026-10-05 19:16:57.015
969,event-ingest,webhook,success,2026-10-05 19:16:56.716,2026-10-05 19:16:57.108
970,event-ingest,webhook,success,2026-10-05 19:16:58.547,2026-10-05 19:16:58.924
971,event-ingest,webhook,success,2026-10-05 19:16:58.578,2026-10-05 19:16:58.984
972,event-ingest,webhook,success,2026-10-05 19:16:58.613,2026-10-05 19:16:58.971
973,event-ingest,webhook,success,2026-10-05 19:16:58.645,2026-10-05 19:16:59.029
974,event-ingest,webhook,success,2026-10-05 19:17:00.488,2026-10-05 19:17:00.837
975,event-ingest,webhook,success,2026-10-05 19:17:00.518,2026-10-05 19:17:00.958
976,event-ingest,webhook,success,2026-10-05 19:17:00.547,2026-10-05 19:17:00.931
977,event-ingest,webhook,success,2026-10-05 19:17:00.580,2026-10-05 19:17:00.981
978,event-ingest,webhook,success,2026-10-05 19:17:00.608,2026-10-05 19:17:00.970
979,event-ingest,webhook,success,2026-10-05 19:17:00.660,2026-10-05 19:17:01.092
980,event-ingest,webhook,success,2026-10-05 19:17:01.633,2026-10-05 19:17:01.981
981,event-ingest,webhook,success,2026-10-05 19:17:02.565,2026-10-05 19:17:02.947
982,event-ingest,webhook,success,2026-10-05 19:17:03.194,2026-10-05 19:17:03.543
983,event-ingest,webhook,success,2026-10-05 19:17:04.133,2026-10-05 19:17:04.461
984,event-ingest,webhook,success,2026-10-05 19:17:04.757,2026-10-05 19:17:05.114
985,event-ingest,webhook,success,2026-10-05 19:17:04.791,2026-10-05 19:17:05.183
986,event-ingest,webhook,success,2026-10-05 19:17:05.730,2026-10-05 19:17:06.083
987,event-ingest,webhook,success,2026-10-05 19:17:05.757,2026-10-05 19:17:06.141
988,event-ingest,webhook,success,2026-10-05 19:17:05.785,2026-10-05 19:17:06.132
989,event-ingest,webhook,success,2026-10-05 19:17:05.820,2026-10-05 19:17:06.209
990,event-ingest,webhook,success,2026-10-05 19:17:07.959,2026-10-05 19:17:08.316
991,event-ingest,webhook,success,2026-10-05 19:17:07.989,2026-10-05 19:17:08.384
992,event-ingest,webhook,success,2026-10-05 19:17:08.018,2026-10-05 19:17:08.373
993,event-ingest,webhook,success,2026-10-05 19:17:08.053,2026-10-05 19:17:08.425
994,event-ingest,webhook,success,2026-10-05 19:17:09.881,2026-10-05 19:17:10.211
995,event-ingest,webhook,success,2026-10-05 19:17:09.912,2026-10-05 19:17:10.294
996,event-ingest,webhook,success,2026-10-05 19:17:09.945,2026-10-05 19:17:10.307
997,event-ingest,webhook,success,2026-10-05 19:17:09.976,2026-10-05 19:17:12.082
998,event-ingest,webhook,success,2026-10-05 19:17:10.017,2026-10-05 19:17:10.355
999,event-ingest,webhook,success,2026-10-05 19:17:10.059,2026-10-05 19:17:12.161
1000,event-ingest,webhook,success,2026-10-05 19:17:10.098,2026-10-05 19:17:12.147
1001,event-ingest,webhook,success,2026-10-05 19:17:10.148,2026-10-05 19:17:12.229
1002,health-monitor,trigger,success,2026-10-05 19:20:00.034,2026-10-05 19:20:00.131
1003,health-monitor,trigger,success,2026-10-05 19:25:00.029,2026-10-05 19:25:00.098
1004,ioc-extractor,trigger,success,2026-10-05 19:30:00.037,2026-10-05 19:30:00.698
1005,health-monitor,trigger,success,2026-10-05 19:30:00.045,2026-10-05 19:30:00.513
1006,health-monitor,trigger,success,2026-10-05 19:35:00.027,2026-10-05 19:35:00.106
