id,workflow,modo,estado,inicio,fin,duracion_ms
1,event-ingest,webhook,error,2026-10-02 13:34:50.434,2026-10-02 13:34:50.993,559
2,event-ingest,webhook,error,2026-10-02 13:34:50.494,2026-10-02 13:34:50.982,488
3,event-ingest,webhook,error,2026-10-02 13:34:50.532,2026-10-02 13:34:50.988,456
4,event-ingest,webhook,error,2026-10-02 13:34:50.568,2026-10-02 13:34:50.989,421
5,event-ingest,webhook,error,2026-10-02 13:34:50.601,2026-10-02 13:34:51.005,404
6,event-ingest,webhook,error,2026-10-02 13:34:50.633,2026-10-02 13:34:51.029,396
7,event-ingest,webhook,error,2026-10-02 13:34:51.572,2026-10-02 13:34:51.923,351
8,event-ingest,webhook,error,2026-10-02 13:34:52.510,2026-10-02 13:34:52.869,359
9,event-ingest,webhook,error,2026-10-02 13:34:53.140,2026-10-02 13:34:53.494,354
10,event-ingest,webhook,error,2026-10-02 13:34:54.074,2026-10-02 13:34:54.419,345
11,event-ingest,webhook,error,2026-10-02 13:34:54.706,2026-10-02 13:34:55.046,340
12,event-ingest,webhook,error,2026-10-02 13:34:54.742,2026-10-02 13:34:55.136,394
13,event-ingest,webhook,error,2026-10-02 13:34:55.976,2026-10-02 13:34:56.326,350
14,event-ingest,webhook,error,2026-10-02 13:34:56.005,2026-10-02 13:34:56.419,414
15,event-ingest,webhook,error,2026-10-02 13:34:56.036,2026-10-02 13:34:56.410,374
16,event-ingest,webhook,error,2026-10-02 13:34:56.070,2026-10-02 13:34:56.472,402
17,event-ingest,webhook,error,2026-10-02 13:34:57.903,2026-10-02 13:34:58.286,383
18,event-ingest,webhook,error,2026-10-02 13:34:57.933,2026-10-02 13:34:58.342,409
19,event-ingest,webhook,error,2026-10-02 13:34:57.963,2026-10-02 13:34:58.321,358
20,event-ingest,webhook,error,2026-10-02 13:34:57.991,2026-10-02 13:34:58.387,396
21,event-ingest,webhook,error,2026-10-02 13:34:58.018,2026-10-02 13:34:58.389,371
22,event-ingest,webhook,error,2026-10-02 13:34:58.046,2026-10-02 13:34:58.475,429
23,event-ingest,webhook,error,2026-10-02 13:34:58.981,2026-10-02 13:34:59.342,361
24,event-ingest,webhook,error,2026-10-02 13:34:59.912,2026-10-02 13:35:00.268,356
25,event-ingest,webhook,error,2026-10-02 13:35:00.537,2026-10-02 13:35:00.883,346
26,event-ingest,webhook,error,2026-10-02 13:35:01.466,2026-10-02 13:35:01.803,337
27,event-ingest,webhook,error,2026-10-02 13:35:02.095,2026-10-02 13:35:02.445,350
28,event-ingest,webhook,error,2026-10-02 13:35:03.024,2026-10-02 13:35:03.352,328
29,event-ingest,webhook,error,2026-10-02 13:35:03.953,2026-10-02 13:35:04.286,333
30,event-ingest,webhook,error,2026-10-02 13:35:03.981,2026-10-02 13:35:04.362,381
31,event-ingest,webhook,error,2026-10-02 13:35:04.913,2026-10-02 13:35:05.257,344
32,event-ingest,webhook,error,2026-10-02 13:35:04.940,2026-10-02 13:35:05.331,391
33,event-ingest,webhook,error,2026-10-02 13:35:04.967,2026-10-02 13:35:05.339,372
34,event-ingest,webhook,error,2026-10-02 13:35:04.996,2026-10-02 13:35:07.071,2075
35,event-ingest,webhook,error,2026-10-02 13:35:06.836,2026-10-02 13:35:08.868,2032
36,event-ingest,webhook,error,2026-10-02 13:35:06.868,2026-10-02 13:35:08.943,2075
37,event-ingest,webhook,error,2026-10-02 13:35:06.895,2026-10-02 13:35:08.928,2033
38,event-ingest,webhook,error,2026-10-02 13:35:06.926,2026-10-02 13:35:08.988,2062
39,event-ingest,webhook,error,2026-10-02 13:35:09.053,2026-10-02 13:35:11.113,2060
40,event-ingest,webhook,error,2026-10-02 13:35:09.091,2026-10-02 13:35:11.165,2074
41,event-ingest,webhook,error,2026-10-02 13:35:09.118,2026-10-02 13:35:11.150,2032
42,event-ingest,webhook,error,2026-10-02 13:35:09.147,2026-10-02 13:35:11.213,2066
43,event-ingest,webhook,error,2026-10-02 13:35:10.984,2026-10-02 13:35:13.015,2031
44,event-ingest,webhook,error,2026-10-02 13:35:11.013,2026-10-02 13:35:13.143,2130
45,event-ingest,webhook,error,2026-10-02 13:35:11.051,2026-10-02 13:35:13.097,2046
46,event-ingest,webhook,error,2026-10-02 13:35:11.126,2026-10-02 13:35:13.188,2062
47,event-ingest,webhook,error,2026-10-02 13:35:12.970,2026-10-02 13:35:15.000,2030
48,event-ingest,webhook,error,2026-10-02 13:35:12.995,2026-10-02 13:35:15.091,2096
49,event-ingest,webhook,error,2026-10-02 13:35:13.038,2026-10-02 13:35:15.082,2044
50,event-ingest,webhook,error,2026-10-02 13:35:13.079,2026-10-02 13:35:15.184,2105
51,event-ingest,webhook,error,2026-10-02 13:35:13.132,2026-10-02 13:35:15.205,2073
52,event-ingest,webhook,success,2026-10-02 13:36:16.519,2026-10-02 13:36:17.060,541
53,event-ingest,webhook,success,2026-10-02 13:36:35.181,2026-10-02 13:36:35.558,377
54,event-ingest,webhook,success,2026-10-02 13:36:35.229,2026-10-02 13:36:35.637,408
55,event-ingest,webhook,success,2026-10-02 13:36:35.265,2026-10-02 13:36:35.627,362
56,event-ingest,webhook,success,2026-10-02 13:36:35.300,2026-10-02 13:36:35.736,436
57,event-ingest,webhook,success,2026-10-02 13:36:35.329,2026-10-02 13:36:35.703,374
58,event-ingest,webhook,success,2026-10-02 13:36:35.361,2026-10-02 13:36:35.746,385
59,event-ingest,webhook,success,2026-10-02 13:36:36.286,2026-10-02 13:36:36.628,342
60,event-ingest,webhook,success,2026-10-02 13:36:37.218,2026-10-02 13:36:37.576,358
61,event-ingest,webhook,success,2026-10-02 13:36:38.151,2026-10-02 13:36:38.498,347
62,event-ingest,webhook,success,2026-10-02 13:36:38.796,2026-10-02 13:36:39.207,411
63,event-ingest,webhook,success,2026-10-02 13:36:39.748,2026-10-02 13:36:40.158,410
64,event-ingest,webhook,success,2026-10-02 13:36:40.389,2026-10-02 13:36:40.758,369
65,event-ingest,webhook,success,2026-10-02 13:36:40.425,2026-10-02 13:36:40.820,395
66,event-ingest,webhook,success,2026-10-02 13:36:41.362,2026-10-02 13:36:41.718,356
67,event-ingest,webhook,success,2026-10-02 13:36:41.390,2026-10-02 13:36:41.814,424
68,event-ingest,webhook,success,2026-10-02 13:36:41.426,2026-10-02 13:36:41.795,369
69,event-ingest,webhook,success,2026-10-02 13:36:41.484,2026-10-02 13:36:41.884,400
70,event-ingest,webhook,success,2026-10-02 13:36:43.643,2026-10-02 13:36:45.697,2054
71,event-ingest,webhook,success,2026-10-02 13:36:43.674,2026-10-02 13:36:45.748,2074
72,event-ingest,webhook,success,2026-10-02 13:36:43.700,2026-10-02 13:36:44.053,353
73,event-ingest,webhook,success,2026-10-02 13:36:43.731,2026-10-02 13:36:44.118,387
74,event-ingest,webhook,success,2026-10-02 13:36:45.562,2026-10-02 13:36:45.912,350
75,event-ingest,webhook,success,2026-10-02 13:36:45.591,2026-10-02 13:36:47.705,2114
76,event-ingest,webhook,success,2026-10-02 13:36:45.625,2026-10-02 13:36:45.985,360
77,event-ingest,webhook,success,2026-10-02 13:36:45.683,2026-10-02 13:36:46.064,381
78,event-ingest,webhook,success,2026-10-02 13:36:47.544,2026-10-02 13:36:47.896,352
79,event-ingest,webhook,success,2026-10-02 13:36:47.573,2026-10-02 13:36:47.946,373
80,event-ingest,webhook,success,2026-10-02 13:36:47.599,2026-10-02 13:36:49.639,2040
81,event-ingest,webhook,success,2026-10-02 13:36:47.634,2026-10-02 13:36:47.999,365
82,event-ingest,webhook,success,2026-10-02 13:36:49.765,2026-10-02 13:36:50.125,360
83,event-ingest,webhook,success,2026-10-02 13:36:49.809,2026-10-02 13:36:50.209,400
84,event-ingest,webhook,success,2026-10-02 13:36:49.841,2026-10-02 13:36:50.196,355
85,event-ingest,webhook,success,2026-10-02 13:36:49.878,2026-10-02 13:36:50.268,390
86,event-ingest,webhook,success,2026-10-02 13:36:51.711,2026-10-02 13:36:52.046,335
87,event-ingest,webhook,success,2026-10-02 13:36:51.751,2026-10-02 13:36:53.837,2086
88,event-ingest,webhook,success,2026-10-02 13:36:51.788,2026-10-02 13:36:53.830,2042
89,event-ingest,webhook,success,2026-10-02 13:36:51.827,2026-10-02 13:36:53.916,2089
90,event-ingest,webhook,success,2026-10-02 13:36:51.859,2026-10-02 13:36:53.891,2032
91,ioc-extractor,trigger,success,2026-10-02 13:45:00.034,2026-10-02 13:45:00.306,272
92,event-ingest,webhook,success,2026-10-02 13:55:02.130,2026-10-02 13:55:02.744,614
93,event-ingest,webhook,success,2026-10-02 13:55:02.184,2026-10-02 13:55:02.745,561
94,event-ingest,webhook,success,2026-10-02 13:55:02.221,2026-10-02 13:55:02.740,519
95,event-ingest,webhook,success,2026-10-02 13:55:02.257,2026-10-02 13:55:02.743,486
96,event-ingest,webhook,success,2026-10-02 13:55:04.088,2026-10-02 13:55:04.461,373
97,event-ingest,webhook,success,2026-10-02 13:55:04.128,2026-10-02 13:55:04.551,423
98,event-ingest,webhook,success,2026-10-02 13:55:04.159,2026-10-02 13:55:04.539,380
99,event-ingest,webhook,success,2026-10-02 13:55:04.217,2026-10-02 13:55:04.664,447
100,event-ingest,webhook,success,2026-10-02 13:55:04.271,2026-10-02 13:55:04.620,349
101,event-ingest,webhook,success,2026-10-02 13:55:04.303,2026-10-02 13:55:04.715,412
102,event-ingest,webhook,success,2026-10-02 13:55:05.239,2026-10-02 13:55:05.589,350
103,event-ingest,webhook,success,2026-10-02 13:55:06.171,2026-10-02 13:55:06.519,348
104,event-ingest,webhook,success,2026-10-02 13:55:06.798,2026-10-02 13:55:07.162,364
105,event-ingest,webhook,success,2026-10-02 13:55:07.730,2026-10-02 13:55:08.098,368
106,event-ingest,webhook,success,2026-10-02 13:55:08.662,2026-10-02 13:55:09.025,363
107,event-ingest,webhook,success,2026-10-02 13:55:09.293,2026-10-02 13:55:09.656,363
108,event-ingest,webhook,success,2026-10-02 13:55:10.228,2026-10-02 13:55:10.564,336
109,event-ingest,webhook,success,2026-10-02 13:55:10.258,2026-10-02 13:55:10.662,404
110,event-ingest,webhook,success,2026-10-02 13:55:11.194,2026-10-02 13:55:11.546,352
111,event-ingest,webhook,success,2026-10-02 13:55:11.223,2026-10-02 13:55:11.667,444
112,event-ingest,webhook,success,2026-10-02 13:55:11.249,2026-10-02 13:55:11.660,411
113,event-ingest,webhook,success,2026-10-02 13:55:11.279,2026-10-02 13:55:11.705,426
114,event-ingest,webhook,success,2026-10-02 13:55:11.311,2026-10-02 13:55:11.702,391
115,event-ingest,webhook,success,2026-10-02 13:55:11.346,2026-10-02 13:55:11.771,425
116,event-ingest,webhook,success,2026-10-02 13:55:12.277,2026-10-02 13:55:12.636,359
117,event-ingest,webhook,success,2026-10-02 13:55:13.210,2026-10-02 13:55:13.577,367
118,event-ingest,webhook,success,2026-10-02 13:55:13.846,2026-10-02 13:55:14.216,370
119,event-ingest,webhook,success,2026-10-02 13:55:14.779,2026-10-02 13:55:15.147,368
120,event-ingest,webhook,success,2026-10-02 13:55:15.403,2026-10-02 13:55:15.767,364
121,event-ingest,webhook,success,2026-10-02 13:55:16.336,2026-10-02 13:55:16.697,361
122,event-ingest,webhook,success,2026-10-02 13:55:16.965,2026-10-02 13:55:17.338,373
123,event-ingest,webhook,success,2026-10-02 13:55:17.906,2026-10-02 13:55:19.987,2081
124,event-ingest,webhook,success,2026-10-02 13:55:17.956,2026-10-02 13:55:20.047,2091
125,event-ingest,webhook,success,2026-10-02 13:55:18.892,2026-10-02 13:55:20.929,2037
126,event-ingest,webhook,success,2026-10-02 13:55:18.927,2026-10-02 13:55:21.005,2078
127,event-ingest,webhook,success,2026-10-02 13:55:18.958,2026-10-02 13:55:20.992,2034
128,event-ingest,webhook,success,2026-10-02 13:55:18.996,2026-10-02 13:55:21.077,2081
129,event-ingest,webhook,success,2026-10-02 13:55:20.832,2026-10-02 13:55:22.864,2032
130,event-ingest,webhook,success,2026-10-02 13:55:20.860,2026-10-02 13:55:22.938,2078
131,event-ingest,webhook,success,2026-10-02 13:55:20.883,2026-10-02 13:55:22.914,2031
132,event-ingest,webhook,success,2026-10-02 13:55:20.915,2026-10-02 13:55:23.003,2088
133,event-ingest,webhook,success,2026-10-02 13:55:23.062,2026-10-02 13:55:25.097,2035
134,event-ingest,webhook,success,2026-10-02 13:55:23.094,2026-10-02 13:55:25.171,2077
135,event-ingest,webhook,success,2026-10-02 13:55:23.121,2026-10-02 13:55:25.163,2042
136,event-ingest,webhook,success,2026-10-02 13:55:23.150,2026-10-02 13:55:25.211,2061
137,event-ingest,webhook,success,2026-10-02 13:55:24.976,2026-10-02 13:55:27.075,2099
138,event-ingest,webhook,success,2026-10-02 13:55:25.008,2026-10-02 13:55:27.102,2094
139,event-ingest,webhook,success,2026-10-02 13:55:25.036,2026-10-02 13:55:27.080,2044
140,event-ingest,webhook,success,2026-10-02 13:55:25.074,2026-10-02 13:55:27.208,2134
141,event-ingest,webhook,success,2026-10-02 13:55:27.232,2026-10-02 13:55:29.270,2038
142,event-ingest,webhook,success,2026-10-02 13:55:27.267,2026-10-02 13:55:29.340,2073
143,event-ingest,webhook,success,2026-10-02 13:55:27.293,2026-10-02 13:55:29.326,2033
144,event-ingest,webhook,success,2026-10-02 13:55:27.325,2026-10-02 13:55:29.404,2079
145,event-ingest,webhook,success,2026-10-02 13:55:29.159,2026-10-02 13:55:31.189,2030
146,event-ingest,webhook,success,2026-10-02 13:55:29.187,2026-10-02 13:55:31.301,2114
147,event-ingest,webhook,success,2026-10-02 13:55:29.215,2026-10-02 13:55:31.286,2071
148,event-ingest,webhook,success,2026-10-02 13:55:29.247,2026-10-02 13:55:31.333,2086
149,event-ingest,webhook,success,2026-10-02 13:55:31.077,2026-10-02 13:55:33.119,2042
150,event-ingest,webhook,success,2026-10-02 13:55:31.106,2026-10-02 13:55:33.172,2066
151,event-ingest,webhook,success,2026-10-02 13:55:31.130,2026-10-02 13:55:33.160,2030
152,event-ingest,webhook,success,2026-10-02 13:55:31.156,2026-10-02 13:55:33.236,2080
153,event-ingest,webhook,success,2026-10-02 13:55:31.194,2026-10-02 13:55:33.248,2054
154,event-ingest,webhook,success,2026-10-02 13:55:31.305,2026-10-02 13:55:33.430,2125
155,event-ingest,webhook,success,2026-10-02 13:55:31.429,2026-10-02 13:55:33.498,2069
156,ioc-extractor,trigger,success,2026-10-02 14:00:00.035,2026-10-02 14:00:00.461,426
157,event-ingest,webhook,success,2026-10-02 14:00:03.208,2026-10-02 14:00:03.646,438
158,event-ingest,webhook,success,2026-10-02 14:00:03.274,2026-10-02 14:00:03.704,430
159,event-ingest,webhook,success,2026-10-02 14:00:03.310,2026-10-02 14:00:03.674,364
160,event-ingest,webhook,success,2026-10-02 14:00:03.360,2026-10-02 14:00:03.753,393
161,event-ingest,webhook,success,2026-10-02 14:00:05.197,2026-10-02 14:00:05.598,401
162,event-ingest,webhook,success,2026-10-02 14:00:05.224,2026-10-02 14:00:05.699,475
163,event-ingest,webhook,success,2026-10-02 14:00:05.252,2026-10-02 14:00:05.650,398
164,event-ingest,webhook,success,2026-10-02 14:00:05.292,2026-10-02 14:00:05.734,442
165,event-ingest,webhook,success,2026-10-02 14:00:07.132,2026-10-02 14:00:07.509,377
166,event-ingest,webhook,success,2026-10-02 14:00:07.178,2026-10-02 14:00:07.607,429
167,event-ingest,webhook,success,2026-10-02 14:00:07.219,2026-10-02 14:00:07.573,354
168,event-ingest,webhook,success,2026-10-02 14:00:07.261,2026-10-02 14:00:07.673,412
169,event-ingest,webhook,success,2026-10-02 14:00:09.100,2026-10-02 14:00:09.445,345
170,event-ingest,webhook,success,2026-10-02 14:00:09.133,2026-10-02 14:00:09.539,406
171,event-ingest,webhook,success,2026-10-02 14:00:09.166,2026-10-02 14:00:09.519,353
172,event-ingest,webhook,success,2026-10-02 14:00:09.197,2026-10-02 14:00:09.586,389
173,event-ingest,webhook,success,2026-10-02 14:00:11.328,2026-10-02 14:00:11.679,351
174,event-ingest,webhook,success,2026-10-02 14:00:11.359,2026-10-02 14:00:11.770,411
175,event-ingest,webhook,success,2026-10-02 14:00:11.391,2026-10-02 14:00:11.761,370
176,event-ingest,webhook,success,2026-10-02 14:00:11.424,2026-10-02 14:00:11.838,414
177,event-ingest,webhook,success,2026-10-02 14:00:13.260,2026-10-02 14:00:13.600,340
178,event-ingest,webhook,success,2026-10-02 14:00:13.304,2026-10-02 14:00:13.720,416
179,event-ingest,webhook,success,2026-10-02 14:00:13.365,2026-10-02 14:00:13.764,399
180,event-ingest,webhook,success,2026-10-02 14:00:13.412,2026-10-02 14:00:13.837,425
181,event-ingest,webhook,success,2026-10-02 14:00:13.450,2026-10-02 14:00:13.824,374
182,event-ingest,webhook,success,2026-10-02 14:00:13.496,2026-10-02 14:00:13.899,403
183,event-ingest,webhook,success,2026-10-02 14:00:14.435,2026-10-02 14:00:14.797,362
184,event-ingest,webhook,success,2026-10-02 14:00:15.364,2026-10-02 14:00:15.741,377
185,event-ingest,webhook,success,2026-10-02 14:00:15.996,2026-10-02 14:00:16.357,361
186,event-ingest,webhook,success,2026-10-02 14:00:16.933,2026-10-02 14:00:17.291,358
187,event-ingest,webhook,success,2026-10-02 14:00:17.564,2026-10-02 14:00:19.601,2037
188,event-ingest,webhook,success,2026-10-02 14:00:17.600,2026-10-02 14:00:19.671,2071
189,event-ingest,webhook,success,2026-10-02 14:00:18.834,2026-10-02 14:00:20.883,2049
190,event-ingest,webhook,success,2026-10-02 14:00:18.861,2026-10-02 14:00:20.941,2080
191,event-ingest,webhook,success,2026-10-02 14:00:18.888,2026-10-02 14:00:20.927,2039
192,event-ingest,webhook,success,2026-10-02 14:00:18.925,2026-10-02 14:00:21.007,2082
193,event-ingest,webhook,success,2026-10-02 14:00:20.756,2026-10-02 14:00:22.797,2041
194,event-ingest,webhook,success,2026-10-02 14:00:20.785,2026-10-02 14:00:22.906,2121
195,event-ingest,webhook,success,2026-10-02 14:00:20.824,2026-10-02 14:00:22.870,2046
196,event-ingest,webhook,success,2026-10-02 14:00:20.901,2026-10-02 14:00:22.987,2086
197,event-ingest,webhook,success,2026-10-02 14:00:21.028,2026-10-02 14:00:23.111,2083
198,event-ingest,webhook,success,2026-10-02 14:00:21.101,2026-10-02 14:00:23.169,2068
199,event-ingest,webhook,success,2026-10-02 14:05:03.071,2026-10-02 14:05:03.462,391
200,event-ingest,webhook,success,2026-10-02 14:05:03.101,2026-10-02 14:05:03.526,425
201,event-ingest,webhook,success,2026-10-02 14:05:03.151,2026-10-02 14:05:03.536,385
202,event-ingest,webhook,success,2026-10-02 14:05:03.214,2026-10-02 14:05:03.613,399
203,event-ingest,webhook,success,2026-10-02 14:05:05.042,2026-10-02 14:05:05.392,350
204,event-ingest,webhook,success,2026-10-02 14:05:05.074,2026-10-02 14:05:05.467,393
205,event-ingest,webhook,success,2026-10-02 14:05:05.098,2026-10-02 14:05:05.449,351
206,event-ingest,webhook,success,2026-10-02 14:05:05.125,2026-10-02 14:05:05.498,373
207,event-ingest,webhook,success,2026-10-02 14:05:06.953,2026-10-02 14:05:07.313,360
208,event-ingest,webhook,success,2026-10-02 14:05:06.976,2026-10-02 14:05:07.362,386
209,event-ingest,webhook,success,2026-10-02 14:05:07.003,2026-10-02 14:05:07.369,366
210,event-ingest,webhook,success,2026-10-02 14:05:07.031,2026-10-02 14:05:07.420,389
211,event-ingest,webhook,success,2026-10-02 14:05:09.162,2026-10-02 14:05:09.532,370
212,event-ingest,webhook,success,2026-10-02 14:05:09.197,2026-10-02 14:05:09.664,467
213,event-ingest,webhook,success,2026-10-02 14:05:09.231,2026-10-02 14:05:09.605,374
214,event-ingest,webhook,success,2026-10-02 14:05:09.272,2026-10-02 14:05:09.670,398
215,event-ingest,webhook,success,2026-10-02 14:05:09.298,2026-10-02 14:05:09.662,364
216,event-ingest,webhook,success,2026-10-02 14:05:09.326,2026-10-02 14:05:09.723,397
217,event-ingest,webhook,success,2026-10-02 14:05:10.569,2026-10-02 14:05:10.933,364
218,event-ingest,webhook,success,2026-10-02 14:05:11.202,2026-10-02 14:05:11.577,375
219,event-ingest,webhook,success,2026-10-02 14:05:12.135,2026-10-02 14:05:12.480,345
220,event-ingest,webhook,success,2026-10-02 14:05:12.762,2026-10-02 14:05:13.128,366
221,event-ingest,webhook,success,2026-10-02 14:05:13.694,2026-10-02 14:05:14.047,353
222,event-ingest,webhook,success,2026-10-02 14:05:13.721,2026-10-02 14:05:14.090,369
223,event-ingest,webhook,success,2026-10-02 14:05:14.656,2026-10-02 14:05:14.986,330
224,event-ingest,webhook,success,2026-10-02 14:05:14.682,2026-10-02 14:05:15.079,397
225,event-ingest,webhook,success,2026-10-02 14:05:14.707,2026-10-02 14:05:15.072,365
226,event-ingest,webhook,success,2026-10-02 14:05:14.734,2026-10-02 14:05:15.121,387
227,event-ingest,webhook,success,2026-10-02 14:05:16.568,2026-10-02 14:05:16.917,349
228,event-ingest,webhook,success,2026-10-02 14:05:16.594,2026-10-02 14:05:16.992,398
229,event-ingest,webhook,success,2026-10-02 14:05:16.620,2026-10-02 14:05:16.966,346
230,event-ingest,webhook,success,2026-10-02 14:05:16.651,2026-10-02 14:05:17.044,393
231,event-ingest,webhook,success,2026-10-02 14:05:18.790,2026-10-02 14:05:20.817,2027
232,event-ingest,webhook,success,2026-10-02 14:05:18.819,2026-10-02 14:05:20.890,2071
233,event-ingest,webhook,success,2026-10-02 14:05:18.851,2026-10-02 14:05:20.879,2028
234,event-ingest,webhook,success,2026-10-02 14:05:18.879,2026-10-02 14:05:20.941,2062
235,event-ingest,webhook,success,2026-10-02 14:05:20.706,2026-10-02 14:05:22.736,2030
236,event-ingest,webhook,success,2026-10-02 14:05:20.730,2026-10-02 14:05:22.806,2076
237,event-ingest,webhook,success,2026-10-02 14:05:20.753,2026-10-02 14:05:22.784,2031
238,event-ingest,webhook,success,2026-10-02 14:05:20.785,2026-10-02 14:05:22.853,2068
239,event-ingest,webhook,success,2026-10-02 14:05:20.820,2026-10-02 14:05:22.862,2042
240,event-ingest,webhook,success,2026-10-02 14:05:20.866,2026-10-02 14:05:22.959,2093
241,event-ingest,webhook,success,2026-10-02 14:10:03.159,2026-10-02 14:10:03.574,415
242,event-ingest,webhook,success,2026-10-02 14:10:03.194,2026-10-02 14:10:03.639,445
243,event-ingest,webhook,success,2026-10-02 14:10:03.234,2026-10-02 14:10:03.616,382
244,event-ingest,webhook,success,2026-10-02 14:10:03.290,2026-10-02 14:10:03.650,360
245,event-ingest,webhook,success,2026-10-02 14:10:05.118,2026-10-02 14:10:05.490,372
246,event-ingest,webhook,success,2026-10-02 14:10:05.149,2026-10-02 14:10:05.544,395
247,event-ingest,webhook,success,2026-10-02 14:10:05.178,2026-10-02 14:10:05.525,347
248,event-ingest,webhook,success,2026-10-02 14:10:05.206,2026-10-02 14:10:05.581,375
249,event-ingest,webhook,success,2026-10-02 14:10:07.038,2026-10-02 14:10:07.405,367
250,event-ingest,webhook,success,2026-10-02 14:10:07.065,2026-10-02 14:10:07.456,391
251,event-ingest,webhook,success,2026-10-02 14:10:07.088,2026-10-02 14:10:07.431,343
252,event-ingest,webhook,success,2026-10-02 14:10:07.116,2026-10-02 14:10:07.525,409
253,event-ingest,webhook,success,2026-10-02 14:10:07.141,2026-10-02 14:10:07.506,365
254,event-ingest,webhook,success,2026-10-02 14:10:07.172,2026-10-02 14:10:07.558,386
255,event-ingest,webhook,success,2026-10-02 14:10:08.107,2026-10-02 14:10:08.470,363
256,event-ingest,webhook,success,2026-10-02 14:10:09.038,2026-10-02 14:10:09.399,361
257,event-ingest,webhook,success,2026-10-02 14:10:09.661,2026-10-02 14:10:10.013,352
258,event-ingest,webhook,success,2026-10-02 14:10:10.587,2026-10-02 14:10:10.932,345
259,event-ingest,webhook,success,2026-10-02 14:10:11.516,2026-10-02 14:10:11.875,359
260,event-ingest,webhook,success,2026-10-02 14:10:11.554,2026-10-02 14:10:11.928,374
261,event-ingest,webhook,success,2026-10-02 14:10:12.486,2026-10-02 14:10:12.828,342
262,event-ingest,webhook,success,2026-10-02 14:10:12.517,2026-10-02 14:10:12.920,403
263,event-ingest,webhook,success,2026-10-02 14:10:12.545,2026-10-02 14:10:12.894,349
264,event-ingest,webhook,success,2026-10-02 14:10:12.579,2026-10-02 14:10:12.982,403
265,event-ingest,webhook,success,2026-10-02 14:10:14.418,2026-10-02 14:10:14.777,359
266,event-ingest,webhook,success,2026-10-02 14:10:14.451,2026-10-02 14:10:14.871,420
267,event-ingest,webhook,success,2026-10-02 14:10:14.480,2026-10-02 14:10:14.858,378
268,event-ingest,webhook,success,2026-10-02 14:10:14.514,2026-10-02 14:10:14.900,386
269,event-ingest,webhook,success,2026-10-02 14:10:16.656,2026-10-02 14:10:17.011,355
270,event-ingest,webhook,success,2026-10-02 14:10:16.683,2026-10-02 14:10:18.752,2069
271,event-ingest,webhook,success,2026-10-02 14:10:16.708,2026-10-02 14:10:17.062,354
272,event-ingest,webhook,success,2026-10-02 14:10:16.746,2026-10-02 14:10:18.821,2075
273,event-ingest,webhook,success,2026-10-02 14:10:18.578,2026-10-02 14:10:20.605,2027
274,event-ingest,webhook,success,2026-10-02 14:10:18.604,2026-10-02 14:10:20.676,2072
275,event-ingest,webhook,success,2026-10-02 14:10:18.632,2026-10-02 14:10:20.659,2027
276,event-ingest,webhook,success,2026-10-02 14:10:18.659,2026-10-02 14:10:20.719,2060
277,event-ingest,webhook,success,2026-10-02 14:10:20.493,2026-10-02 14:10:22.533,2040
278,event-ingest,webhook,success,2026-10-02 14:10:20.521,2026-10-02 14:10:22.592,2071
279,event-ingest,webhook,success,2026-10-02 14:10:20.552,2026-10-02 14:10:22.582,2030
280,event-ingest,webhook,success,2026-10-02 14:10:20.584,2026-10-02 14:10:22.654,2070
281,event-ingest,webhook,success,2026-10-02 14:10:22.712,2026-10-02 14:10:24.741,2029
282,event-ingest,webhook,success,2026-10-02 14:10:22.746,2026-10-02 14:10:24.819,2073
283,event-ingest,webhook,success,2026-10-02 14:10:22.775,2026-10-02 14:10:24.806,2031
284,event-ingest,webhook,success,2026-10-02 14:10:22.814,2026-10-02 14:10:24.877,2063
285,event-ingest,webhook,success,2026-10-02 14:10:24.645,2026-10-02 14:10:26.679,2034
286,event-ingest,webhook,success,2026-10-02 14:10:24.676,2026-10-02 14:10:26.756,2080
287,event-ingest,webhook,success,2026-10-02 14:10:24.703,2026-10-02 14:10:26.735,2032
288,event-ingest,webhook,success,2026-10-02 14:10:24.738,2026-10-02 14:10:26.830,2092
289,event-ingest,webhook,success,2026-10-02 14:10:26.875,2026-10-02 14:10:28.924,2049
290,event-ingest,webhook,success,2026-10-02 14:10:26.914,2026-10-02 14:10:29.027,2113
291,event-ingest,webhook,success,2026-10-02 14:10:26.947,2026-10-02 14:10:29.016,2069
292,event-ingest,webhook,success,2026-10-02 14:10:26.982,2026-10-02 14:10:29.052,2070
293,event-ingest,webhook,success,2026-10-02 14:10:28.812,2026-10-02 14:10:30.840,2028
294,event-ingest,webhook,success,2026-10-02 14:10:28.837,2026-10-02 14:10:30.933,2096
295,event-ingest,webhook,success,2026-10-02 14:10:28.871,2026-10-02 14:10:30.905,2034
296,event-ingest,webhook,success,2026-10-02 14:10:28.921,2026-10-02 14:10:31.050,2129
297,event-ingest,webhook,success,2026-10-02 14:10:30.782,2026-10-02 14:10:32.817,2035
298,event-ingest,webhook,success,2026-10-02 14:10:30.813,2026-10-02 14:10:32.883,2070
299,event-ingest,webhook,success,2026-10-02 14:10:30.843,2026-10-02 14:10:32.892,2049
300,event-ingest,webhook,success,2026-10-02 14:10:30.879,2026-10-02 14:10:32.945,2066
301,event-ingest,webhook,success,2026-10-02 14:10:33.004,2026-10-02 14:10:35.033,2029
302,event-ingest,webhook,success,2026-10-02 14:10:33.028,2026-10-02 14:10:35.111,2083
303,event-ingest,webhook,success,2026-10-02 14:10:33.056,2026-10-02 14:10:35.089,2033
304,event-ingest,webhook,success,2026-10-02 14:10:33.087,2026-10-02 14:10:35.158,2071
305,event-ingest,webhook,success,2026-10-02 14:10:34.922,2026-10-02 14:10:36.963,2041
306,event-ingest,webhook,success,2026-10-02 14:10:34.965,2026-10-02 14:10:37.050,2085
307,event-ingest,webhook,success,2026-10-02 14:10:34.997,2026-10-02 14:10:37.027,2030
308,event-ingest,webhook,success,2026-10-02 14:10:35.037,2026-10-02 14:10:37.139,2102
309,event-ingest,webhook,success,2026-10-02 14:10:35.093,2026-10-02 14:10:37.176,2083
310,event-ingest,webhook,success,2026-10-02 14:10:35.192,2026-10-02 14:10:37.265,2073
311,event-ingest,webhook,success,2026-10-02 14:10:36.135,2026-10-02 14:10:38.164,2029
312,event-ingest,webhook,success,2026-10-02 14:10:37.057,2026-10-02 14:10:39.090,2033
313,event-ingest,webhook,success,2026-10-02 14:10:37.688,2026-10-02 14:10:39.747,2059
314,event-ingest,webhook,success,2026-10-02 14:10:38.610,2026-10-02 14:10:40.644,2034
315,event-ingest,webhook,success,2026-10-02 14:10:38.640,2026-10-02 14:10:40.701,2061
316,event-ingest,webhook,success,2026-10-02 14:10:39.564,2026-10-02 14:10:41.591,2027
317,event-ingest,webhook,success,2026-10-02 14:10:39.596,2026-10-02 14:10:41.698,2102
318,event-ingest,webhook,success,2026-10-02 14:10:39.636,2026-10-02 14:10:41.677,2041
319,event-ingest,webhook,success,2026-10-02 14:10:39.685,2026-10-02 14:10:41.895,2210
320,event-ingest,webhook,success,2026-10-02 14:10:39.780,2026-10-02 14:10:41.873,2093
321,event-ingest,webhook,success,2026-10-02 14:10:39.875,2026-10-02 14:10:42.023,2148
322,event-ingest,webhook,success,2026-10-02 14:10:39.950,2026-10-02 14:10:42.002,2052
323,event-ingest,webhook,success,2026-10-02 14:10:40.005,2026-10-02 14:10:42.658,2653
324,event-ingest,webhook,success,2026-10-02 14:10:40.045,2026-10-02 14:10:42.079,2034
325,event-ingest,webhook,success,2026-10-02 14:10:40.080,2026-10-02 14:10:42.727,2647
326,event-ingest,webhook,success,2026-10-02 14:10:40.108,2026-10-02 14:10:43.691,3583
327,event-ingest,webhook,success,2026-10-02 14:10:40.136,2026-10-02 14:10:43.617,3481
328,event-ingest,webhook,success,2026-10-02 14:10:40.161,2026-10-02 14:10:43.713,3552
329,ioc-extractor,trigger,success,2026-10-02 14:15:00.030,2026-10-02 14:15:00.910,880
330,event-ingest,webhook,success,2026-10-02 14:15:02.921,2026-10-02 14:15:03.327,406
331,event-ingest,webhook,success,2026-10-02 14:15:02.953,2026-10-02 14:15:03.341,388
332,event-ingest,webhook,success,2026-10-02 14:15:02.980,2026-10-02 14:15:03.336,356
333,event-ingest,webhook,success,2026-10-02 14:15:03.011,2026-10-02 14:15:03.401,390
334,event-ingest,webhook,success,2026-10-02 14:15:05.139,2026-10-02 14:15:05.469,330
335,event-ingest,webhook,success,2026-10-02 14:15:05.164,2026-10-02 14:15:05.552,388
336,event-ingest,webhook,success,2026-10-02 14:15:05.187,2026-10-02 14:15:05.596,409
337,event-ingest,webhook,success,2026-10-02 14:15:05.216,2026-10-02 14:15:05.637,421
338,event-ingest,webhook,success,2026-10-02 14:15:07.048,2026-10-02 14:15:07.419,371
339,event-ingest,webhook,success,2026-10-02 14:15:07.078,2026-10-02 14:15:07.485,407
340,event-ingest,webhook,success,2026-10-02 14:15:07.108,2026-10-02 14:15:07.453,345
341,event-ingest,webhook,success,2026-10-02 14:15:07.141,2026-10-02 14:15:07.530,389
342,event-ingest,webhook,success,2026-10-02 14:15:09.283,2026-10-02 14:15:09.635,352
343,event-ingest,webhook,success,2026-10-02 14:15:09.312,2026-10-02 14:15:09.696,384
344,event-ingest,webhook,success,2026-10-02 14:15:09.336,2026-10-02 14:15:09.687,351
345,event-ingest,webhook,success,2026-10-02 14:15:09.363,2026-10-02 14:15:09.738,375
346,event-ingest,webhook,success,2026-10-02 14:15:11.194,2026-10-02 14:15:11.613,419
347,event-ingest,webhook,success,2026-10-02 14:15:11.223,2026-10-02 14:15:11.624,401
348,event-ingest,webhook,success,2026-10-02 14:15:11.247,2026-10-02 14:15:11.614,367
349,event-ingest,webhook,success,2026-10-02 14:15:11.275,2026-10-02 14:15:11.653,378
350,event-ingest,webhook,success,2026-10-02 14:15:13.417,2026-10-02 14:15:13.773,356
351,event-ingest,webhook,success,2026-10-02 14:15:13.442,2026-10-02 14:15:13.825,383
352,event-ingest,webhook,success,2026-10-02 14:15:13.464,2026-10-02 14:15:13.827,363
353,event-ingest,webhook,success,2026-10-02 14:15:13.491,2026-10-02 14:15:13.867,376
354,event-ingest,webhook,success,2026-10-02 14:15:15.325,2026-10-02 14:15:15.690,365
355,event-ingest,webhook,success,2026-10-02 14:15:15.355,2026-10-02 14:15:15.729,374
356,event-ingest,webhook,success,2026-10-02 14:15:15.390,2026-10-02 14:15:15.752,362
357,event-ingest,webhook,success,2026-10-02 14:15:15.419,2026-10-02 14:15:15.794,375
358,event-ingest,webhook,success,2026-10-02 14:15:17.567,2026-10-02 14:15:17.928,361
359,event-ingest,webhook,success,2026-10-02 14:15:17.596,2026-10-02 14:15:17.988,392
360,event-ingest,webhook,success,2026-10-02 14:15:17.621,2026-10-02 14:15:17.975,354
361,event-ingest,webhook,success,2026-10-02 14:15:17.650,2026-10-02 14:15:18.040,390
362,event-ingest,webhook,success,2026-10-02 14:15:19.486,2026-10-02 14:15:21.509,2023
363,event-ingest,webhook,success,2026-10-02 14:15:19.509,2026-10-02 14:15:21.578,2069
364,event-ingest,webhook,success,2026-10-02 14:15:19.534,2026-10-02 14:15:21.561,2027
365,event-ingest,webhook,success,2026-10-02 14:15:19.563,2026-10-02 14:15:21.625,2062
366,event-ingest,webhook,success,2026-10-02 14:15:21.696,2026-10-02 14:15:23.728,2032
367,event-ingest,webhook,success,2026-10-02 14:15:21.732,2026-10-02 14:15:23.818,2086
368,event-ingest,webhook,success,2026-10-02 14:15:21.763,2026-10-02 14:15:23.807,2044
369,event-ingest,webhook,success,2026-10-02 14:15:21.802,2026-10-02 14:15:23.860,2058
370,event-ingest,webhook,success,2026-10-02 14:15:23.638,2026-10-02 14:15:25.669,2031
371,event-ingest,webhook,success,2026-10-02 14:15:23.663,2026-10-02 14:15:25.738,2075
372,event-ingest,webhook,success,2026-10-02 14:15:23.690,2026-10-02 14:15:25.718,2028
373,event-ingest,webhook,success,2026-10-02 14:15:23.719,2026-10-02 14:15:25.786,2067
374,event-ingest,webhook,success,2026-10-02 14:15:25.856,2026-10-02 14:15:27.882,2026
375,event-ingest,webhook,success,2026-10-02 14:15:25.886,2026-10-02 14:15:27.972,2086
376,event-ingest,webhook,success,2026-10-02 14:15:25.914,2026-10-02 14:15:27.959,2045
377,event-ingest,webhook,success,2026-10-02 14:15:25.943,2026-10-02 14:15:27.996,2053
378,event-ingest,webhook,success,2026-10-02 14:15:27.769,2026-10-02 14:15:29.808,2039
379,event-ingest,webhook,success,2026-10-02 14:15:27.794,2026-10-02 14:15:29.858,2064
380,event-ingest,webhook,success,2026-10-02 14:15:27.818,2026-10-02 14:15:29.848,2030
381,event-ingest,webhook,success,2026-10-02 14:15:27.846,2026-10-02 14:15:29.929,2083
382,event-ingest,webhook,success,2026-10-02 14:15:27.869,2026-10-02 14:15:29.907,2038
383,event-ingest,webhook,success,2026-10-02 14:15:27.918,2026-10-02 14:15:30.026,2108
384,event-ingest,webhook,success,2026-10-02 14:15:28.895,2026-10-02 14:15:30.926,2031
385,event-ingest,webhook,success,2026-10-02 14:15:29.523,2026-10-02 14:15:31.551,2028
386,event-ingest,webhook,success,2026-10-02 14:15:30.455,2026-10-02 14:15:32.482,2027
387,event-ingest,webhook,success,2026-10-02 14:15:31.392,2026-10-02 14:15:33.423,2031
388,event-ingest,webhook,success,2026-10-02 14:15:31.417,2026-10-02 14:15:33.481,2064
389,event-ingest,webhook,success,2026-10-02 14:15:32.345,2026-10-02 14:15:34.370,2025
390,event-ingest,webhook,success,2026-10-02 14:15:32.371,2026-10-02 14:15:34.433,2062
391,event-ingest,webhook,success,2026-10-02 14:15:32.395,2026-10-02 14:15:34.422,2027
392,event-ingest,webhook,success,2026-10-02 14:15:32.419,2026-10-02 14:15:34.475,2056
393,event-ingest,webhook,success,2026-10-02 14:15:34.249,2026-10-02 14:15:36.271,2022
394,event-ingest,webhook,success,2026-10-02 14:15:34.278,2026-10-02 14:15:36.350,2072
395,event-ingest,webhook,success,2026-10-02 14:15:34.306,2026-10-02 14:15:36.340,2034
396,event-ingest,webhook,success,2026-10-02 14:15:34.334,2026-10-02 14:15:36.397,2063
397,event-ingest,webhook,success,2026-10-02 14:15:34.357,2026-10-02 14:15:36.388,2031
398,event-ingest,webhook,success,2026-10-02 14:15:34.395,2026-10-02 14:15:36.461,2066
399,event-ingest,webhook,success,2026-10-02 14:15:35.331,2026-10-02 14:15:37.367,2036
400,event-ingest,webhook,success,2026-10-02 14:15:36.269,2026-10-02 14:15:38.308,2039
401,event-ingest,webhook,success,2026-10-02 14:15:36.903,2026-10-02 14:15:38.927,2024
402,event-ingest,webhook,success,2026-10-02 14:15:37.831,2026-10-02 14:15:39.861,2030
403,event-ingest,webhook,success,2026-10-02 14:15:37.856,2026-10-02 14:15:39.910,2054
404,event-ingest,webhook,success,2026-10-02 14:15:38.777,2026-10-02 14:15:40.809,2032
405,event-ingest,webhook,success,2026-10-02 14:15:38.800,2026-10-02 14:15:40.867,2067
406,event-ingest,webhook,success,2026-10-02 14:15:38.822,2026-10-02 14:15:40.850,2028
407,event-ingest,webhook,success,2026-10-02 14:15:38.850,2026-10-02 14:15:40.911,2061
408,event-ingest,webhook,success,2026-10-02 14:15:38.875,2026-10-02 14:15:40.900,2025
409,event-ingest,webhook,success,2026-10-02 14:15:38.904,2026-10-02 14:15:40.988,2084
410,event-ingest,webhook,success,2026-10-02 14:15:38.963,2026-10-02 14:15:41.003,2040
411,event-ingest,webhook,success,2026-10-02 14:15:39.010,2026-10-02 14:15:41.867,2857
412,event-ingest,webhook,success,2026-10-02 14:15:39.072,2026-10-02 14:15:41.121,2049
413,event-ingest,webhook,success,2026-10-02 14:15:39.121,2026-10-02 14:15:42.822,3701
414,event-ingest,webhook,success,2026-10-02 14:15:39.155,2026-10-02 14:15:41.923,2768
415,event-ingest,webhook,success,2026-10-02 14:15:39.190,2026-10-02 14:15:42.876,3686
416,event-ingest,webhook,success,2026-10-02 14:15:39.224,2026-10-02 14:15:42.860,3636
417,event-ingest,webhook,success,2026-10-02 14:20:02.903,2026-10-02 14:20:03.338,435
418,event-ingest,webhook,success,2026-10-02 14:20:02.931,2026-10-02 14:20:03.340,409
419,event-ingest,webhook,success,2026-10-02 14:20:02.958,2026-10-02 14:20:03.336,378
420,event-ingest,webhook,success,2026-10-02 14:20:02.989,2026-10-02 14:20:03.390,401
421,event-ingest,webhook,success,2026-10-02 14:20:05.118,2026-10-02 14:20:05.466,348
422,event-ingest,webhook,success,2026-10-02 14:20:05.148,2026-10-02 14:20:05.588,440
423,event-ingest,webhook,success,2026-10-02 14:20:05.189,2026-10-02 14:20:05.597,408
424,event-ingest,webhook,success,2026-10-02 14:20:05.243,2026-10-02 14:20:05.637,394
425,event-ingest,webhook,success,2026-10-02 14:20:07.068,2026-10-02 14:20:07.411,343
426,event-ingest,webhook,success,2026-10-02 14:20:07.093,2026-10-02 14:20:07.489,396
427,event-ingest,webhook,success,2026-10-02 14:20:07.120,2026-10-02 14:20:07.470,350
428,event-ingest,webhook,success,2026-10-02 14:20:07.152,2026-10-02 14:20:07.533,381
429,event-ingest,webhook,success,2026-10-02 14:20:07.176,2026-10-02 14:20:07.517,341
430,event-ingest,webhook,success,2026-10-02 14:20:07.201,2026-10-02 14:20:07.636,435
431,event-ingest,webhook,success,2026-10-02 14:20:08.436,2026-10-02 14:20:08.805,369
432,event-ingest,webhook,success,2026-10-02 14:20:09.064,2026-10-02 14:20:09.431,367
433,event-ingest,webhook,success,2026-10-02 14:20:10.003,2026-10-02 14:20:10.347,344
434,event-ingest,webhook,success,2026-10-02 14:20:10.634,2026-10-02 14:20:10.991,357
435,event-ingest,webhook,success,2026-10-02 14:20:11.561,2026-10-02 14:20:11.906,345
436,event-ingest,webhook,success,2026-10-02 14:20:12.187,2026-10-02 14:20:12.581,394
437,event-ingest,webhook,success,2026-10-02 14:20:12.211,2026-10-02 14:20:12.658,447
438,event-ingest,webhook,success,2026-10-02 14:20:13.441,2026-10-02 14:20:13.807,366
439,event-ingest,webhook,success,2026-10-02 14:20:13.480,2026-10-02 14:20:13.930,450
440,event-ingest,webhook,success,2026-10-02 14:20:13.525,2026-10-02 14:20:13.873,348
441,event-ingest,webhook,success,2026-10-02 14:20:13.566,2026-10-02 14:20:13.979,413
442,event-ingest,webhook,success,2026-10-02 14:20:15.405,2026-10-02 14:20:15.769,364
443,event-ingest,webhook,success,2026-10-02 14:20:15.436,2026-10-02 14:20:15.853,417
444,event-ingest,webhook,success,2026-10-02 14:20:15.469,2026-10-02 14:20:15.845,376
445,event-ingest,webhook,success,2026-10-02 14:20:15.517,2026-10-02 14:20:15.938,421
446,event-ingest,webhook,success,2026-10-02 14:20:18.259,2026-10-02 14:20:18.623,364
447,event-ingest,webhook,success,2026-10-02 14:20:18.301,2026-10-02 14:20:20.384,2083
448,event-ingest,webhook,success,2026-10-02 14:20:18.332,2026-10-02 14:20:20.369,2037
449,event-ingest,webhook,success,2026-10-02 14:20:18.367,2026-10-02 14:20:20.800,2433
450,event-ingest,webhook,success,2026-10-02 14:20:19.602,2026-10-02 14:20:21.688,2086
451,event-ingest,webhook,success,2026-10-02 14:20:19.689,2026-10-02 14:20:21.805,2116
452,event-ingest,webhook,success,2026-10-02 14:20:19.737,2026-10-02 14:20:21.793,2056
453,event-ingest,webhook,success,2026-10-02 14:20:19.797,2026-10-02 14:20:21.904,2107
454,event-ingest,webhook,success,2026-10-02 14:20:19.840,2026-10-02 14:20:21.875,2035
455,event-ingest,webhook,success,2026-10-02 14:25:03.258,2026-10-02 14:25:03.678,420
456,event-ingest,webhook,success,2026-10-02 14:25:03.293,2026-10-02 14:25:03.683,390
457,event-ingest,webhook,success,2026-10-02 14:25:03.318,2026-10-02 14:25:03.679,361
458,event-ingest,webhook,success,2026-10-02 14:25:03.348,2026-10-02 14:25:03.716,368
459,event-ingest,webhook,success,2026-10-02 14:25:05.484,2026-10-02 14:25:05.847,363
460,event-ingest,webhook,success,2026-10-02 14:25:05.511,2026-10-02 14:25:05.896,385
461,event-ingest,webhook,success,2026-10-02 14:25:05.536,2026-10-02 14:25:05.897,361
462,event-ingest,webhook,success,2026-10-02 14:25:05.562,2026-10-02 14:25:05.937,375
463,event-ingest,webhook,success,2026-10-02 14:25:07.393,2026-10-02 14:25:07.749,356
464,event-ingest,webhook,success,2026-10-02 14:25:07.421,2026-10-02 14:25:07.842,421
465,event-ingest,webhook,success,2026-10-02 14:25:07.457,2026-10-02 14:25:07.811,354
466,event-ingest,webhook,success,2026-10-02 14:25:07.509,2026-10-02 14:25:07.904,395
467,event-ingest,webhook,success,2026-10-02 14:25:07.540,2026-10-02 14:25:07.887,347
468,event-ingest,webhook,success,2026-10-02 14:25:07.567,2026-10-02 14:25:07.961,394
469,event-ingest,webhook,success,2026-10-02 14:25:08.800,2026-10-02 14:25:09.153,353
470,event-ingest,webhook,success,2026-10-02 14:25:09.426,2026-10-02 14:25:09.788,362
471,event-ingest,webhook,success,2026-10-02 14:25:10.357,2026-10-02 14:25:10.723,366
472,event-ingest,webhook,success,2026-10-02 14:25:10.994,2026-10-02 14:25:11.357,363
473,event-ingest,webhook,success,2026-10-02 14:25:11.926,2026-10-02 14:25:12.272,346
474,event-ingest,webhook,success,2026-10-02 14:25:12.558,2026-10-02 14:25:12.907,349
475,event-ingest,webhook,success,2026-10-02 14:25:13.500,2026-10-02 14:25:13.826,326
476,event-ingest,webhook,success,2026-10-02 14:25:14.435,2026-10-02 14:25:14.790,355
477,event-ingest,webhook,success,2026-10-02 14:25:14.461,2026-10-02 14:25:14.819,358
478,event-ingest,webhook,success,2026-10-02 14:25:15.390,2026-10-02 14:25:15.754,364
479,event-ingest,webhook,success,2026-10-02 14:25:15.416,2026-10-02 14:25:15.816,400
480,event-ingest,webhook,success,2026-10-02 14:25:15.443,2026-10-02 14:25:15.771,328
481,event-ingest,webhook,success,2026-10-02 14:25:15.472,2026-10-02 14:25:15.871,399
482,event-ingest,webhook,success,2026-10-02 14:25:17.303,2026-10-02 14:25:17.651,348
483,event-ingest,webhook,success,2026-10-02 14:25:17.329,2026-10-02 14:25:17.714,385
484,event-ingest,webhook,success,2026-10-02 14:25:17.354,2026-10-02 14:25:17.705,351
485,event-ingest,webhook,success,2026-10-02 14:25:17.379,2026-10-02 14:25:19.443,2064
486,event-ingest,webhook,success,2026-10-02 14:25:19.513,2026-10-02 14:25:21.542,2029
487,event-ingest,webhook,success,2026-10-02 14:25:19.544,2026-10-02 14:25:21.611,2067
488,event-ingest,webhook,success,2026-10-02 14:25:19.568,2026-10-02 14:25:21.597,2029
489,event-ingest,webhook,success,2026-10-02 14:25:19.610,2026-10-02 14:25:21.675,2065
490,event-ingest,webhook,success,2026-10-02 14:25:21.445,2026-10-02 14:25:23.469,2024
491,event-ingest,webhook,success,2026-10-02 14:25:21.473,2026-10-02 14:25:23.552,2079
492,event-ingest,webhook,success,2026-10-02 14:25:21.503,2026-10-02 14:25:23.534,2031
493,event-ingest,webhook,success,2026-10-02 14:25:21.540,2026-10-02 14:25:23.622,2082
494,event-ingest,webhook,success,2026-10-02 14:25:23.383,2026-10-02 14:25:25.416,2033
495,event-ingest,webhook,success,2026-10-02 14:25:23.412,2026-10-02 14:25:25.484,2072
496,event-ingest,webhook,success,2026-10-02 14:25:23.435,2026-10-02 14:25:25.463,2028
497,event-ingest,webhook,success,2026-10-02 14:25:23.467,2026-10-02 14:25:25.552,2085
498,event-ingest,webhook,success,2026-10-02 14:25:25.603,2026-10-02 14:25:27.629,2026
499,event-ingest,webhook,success,2026-10-02 14:25:25.631,2026-10-02 14:25:27.697,2066
500,event-ingest,webhook,success,2026-10-02 14:25:25.654,2026-10-02 14:25:27.678,2024
501,event-ingest,webhook,success,2026-10-02 14:25:25.680,2026-10-02 14:25:27.741,2061
502,event-ingest,webhook,success,2026-10-02 14:25:27.512,2026-10-02 14:25:29.547,2035
503,event-ingest,webhook,success,2026-10-02 14:25:27.545,2026-10-02 14:25:29.622,2077
504,event-ingest,webhook,success,2026-10-02 14:25:27.576,2026-10-02 14:25:29.613,2037
505,event-ingest,webhook,success,2026-10-02 14:25:27.606,2026-10-02 14:25:29.669,2063
506,event-ingest,webhook,success,2026-10-02 14:25:29.737,2026-10-02 14:25:31.768,2031
507,event-ingest,webhook,success,2026-10-02 14:25:29.770,2026-10-02 14:25:31.886,2116
508,event-ingest,webhook,success,2026-10-02 14:25:29.805,2026-10-02 14:25:31.841,2036
509,event-ingest,webhook,success,2026-10-02 14:25:29.855,2026-10-02 14:25:31.981,2126
510,event-ingest,webhook,success,2026-10-02 14:25:29.916,2026-10-02 14:25:31.971,2055
511,event-ingest,webhook,success,2026-10-02 14:25:29.968,2026-10-02 14:25:32.051,2083
512,event-ingest,webhook,success,2026-10-02 14:25:30.004,2026-10-02 14:25:32.038,2034
513,event-ingest,webhook,success,2026-10-02 14:25:30.040,2026-10-02 14:25:32.124,2084
514,event-ingest,webhook,success,2026-10-02 14:25:30.080,2026-10-02 14:25:32.108,2028
515,ioc-extractor,trigger,success,2026-10-02 14:30:00.027,2026-10-02 14:30:01.102,1075
516,event-ingest,webhook,success,2026-10-02 14:30:05.763,2026-10-02 14:30:06.162,399
517,event-ingest,webhook,success,2026-10-02 14:30:05.790,2026-10-02 14:30:06.190,400
518,event-ingest,webhook,success,2026-10-02 14:30:05.817,2026-10-02 14:30:06.171,354
519,event-ingest,webhook,success,2026-10-02 14:30:05.843,2026-10-02 14:30:06.206,363
520,event-ingest,webhook,success,2026-10-02 14:30:07.683,2026-10-02 14:30:08.046,363
521,event-ingest,webhook,success,2026-10-02 14:30:07.707,2026-10-02 14:30:08.110,403
522,event-ingest,webhook,success,2026-10-02 14:30:07.738,2026-10-02 14:30:08.108,370
523,event-ingest,webhook,success,2026-10-02 14:30:07.773,2026-10-02 14:30:08.183,410
524,event-ingest,webhook,success,2026-10-02 14:30:08.117,2026-10-02 14:30:08.506,389
525,event-ingest,webhook,success,2026-10-02 14:30:08.168,2026-10-02 14:30:08.602,434
526,event-ingest,webhook,success,2026-10-02 14:30:09.110,2026-10-02 14:30:09.471,361
527,event-ingest,webhook,success,2026-10-02 14:30:09.733,2026-10-02 14:30:10.092,359
528,event-ingest,webhook,success,2026-10-02 14:30:10.671,2026-10-02 14:30:11.039,368
529,event-ingest,webhook,success,2026-10-02 14:30:11.299,2026-10-02 14:30:11.665,366
530,event-ingest,webhook,success,2026-10-02 14:30:12.228,2026-10-02 14:30:12.567,339
531,event-ingest,webhook,success,2026-10-02 14:30:13.172,2026-10-02 14:30:13.519,347
532,event-ingest,webhook,success,2026-10-02 14:30:13.198,2026-10-02 14:30:13.602,404
533,event-ingest,webhook,success,2026-10-02 14:30:14.137,2026-10-02 14:30:14.503,366
534,event-ingest,webhook,success,2026-10-02 14:30:14.164,2026-10-02 14:30:14.576,412
535,event-ingest,webhook,success,2026-10-02 14:30:14.189,2026-10-02 14:30:14.563,374
536,event-ingest,webhook,success,2026-10-02 14:30:14.218,2026-10-02 14:30:14.600,382
537,event-ingest,webhook,success,2026-10-02 14:30:16.056,2026-10-02 14:30:16.413,357
538,event-ingest,webhook,success,2026-10-02 14:30:16.086,2026-10-02 14:30:16.486,400
539,event-ingest,webhook,success,2026-10-02 14:30:16.115,2026-10-02 14:30:16.489,374
540,event-ingest,webhook,success,2026-10-02 14:30:16.152,2026-10-02 14:30:16.618,466
541,event-ingest,webhook,success,2026-10-02 14:30:18.296,2026-10-02 14:30:18.668,372
542,event-ingest,webhook,success,2026-10-02 14:30:18.329,2026-10-02 14:30:18.716,387
543,event-ingest,webhook,success,2026-10-02 14:30:18.360,2026-10-02 14:30:18.691,331
544,event-ingest,webhook,success,2026-10-02 14:30:18.393,2026-10-02 14:30:18.768,375
545,event-ingest,webhook,success,2026-10-02 14:30:20.378,2026-10-02 14:30:20.798,420
546,event-ingest,webhook,success,2026-10-02 14:30:20.500,2026-10-02 14:30:20.891,391
547,event-ingest,webhook,success,2026-10-02 14:30:20.578,2026-10-02 14:30:20.965,387
548,event-ingest,webhook,success,2026-10-02 14:30:20.657,2026-10-02 14:30:22.722,2065
549,event-ingest,webhook,success,2026-10-02 14:30:22.209,2026-10-02 14:30:24.263,2054
550,event-ingest,webhook,success,2026-10-02 14:30:22.307,2026-10-02 14:30:24.337,2030
551,event-ingest,webhook,success,2026-10-02 14:30:22.357,2026-10-02 14:30:24.408,2051
552,event-ingest,webhook,success,2026-10-02 14:30:22.432,2026-10-02 14:30:24.467,2035
553,event-ingest,webhook,success,2026-10-02 14:30:24.271,2026-10-02 14:30:26.323,2052
554,event-ingest,webhook,success,2026-10-02 14:30:24.332,2026-10-02 14:30:26.432,2100
555,event-ingest,webhook,success,2026-10-02 14:30:24.387,2026-10-02 14:30:26.425,2038
556,event-ingest,webhook,success,2026-10-02 14:30:24.420,2026-10-02 14:30:26.495,2075
557,event-ingest,webhook,success,2026-10-02 14:30:26.565,2026-10-02 14:30:28.594,2029
558,event-ingest,webhook,success,2026-10-02 14:30:26.592,2026-10-02 14:30:28.655,2063
559,event-ingest,webhook,success,2026-10-02 14:30:26.618,2026-10-02 14:30:28.644,2026
560,event-ingest,webhook,success,2026-10-02 14:30:26.647,2026-10-02 14:30:28.704,2057
561,event-ingest,webhook,success,2026-10-02 14:30:28.483,2026-10-02 14:30:30.509,2026
562,event-ingest,webhook,success,2026-10-02 14:30:28.513,2026-10-02 14:30:30.575,2062
563,event-ingest,webhook,success,2026-10-02 14:30:28.539,2026-10-02 14:30:30.568,2029
564,event-ingest,webhook,success,2026-10-02 14:30:28.567,2026-10-02 14:30:30.630,2063
565,event-ingest,webhook,success,2026-10-02 14:30:30.399,2026-10-02 14:30:32.433,2034
566,event-ingest,webhook,success,2026-10-02 14:30:30.427,2026-10-02 14:30:32.488,2061
567,event-ingest,webhook,success,2026-10-02 14:30:30.450,2026-10-02 14:30:32.478,2028
568,event-ingest,webhook,success,2026-10-02 14:30:30.473,2026-10-02 14:30:32.534,2061
569,event-ingest,webhook,success,2026-10-02 14:30:32.598,2026-10-02 14:30:34.623,2025
570,event-ingest,webhook,success,2026-10-02 14:30:32.619,2026-10-02 14:30:34.686,2067
571,event-ingest,webhook,success,2026-10-02 14:30:32.641,2026-10-02 14:30:34.665,2024
572,event-ingest,webhook,success,2026-10-02 14:30:32.668,2026-10-02 14:30:34.743,2075
573,event-ingest,webhook,success,2026-10-02 14:30:34.501,2026-10-02 14:30:36.541,2040
574,event-ingest,webhook,success,2026-10-02 14:30:34.537,2026-10-02 14:30:36.604,2067
575,event-ingest,webhook,success,2026-10-02 14:30:34.564,2026-10-02 14:30:36.596,2032
576,event-ingest,webhook,success,2026-10-02 14:30:34.589,2026-10-02 14:30:36.663,2074
577,event-ingest,webhook,success,2026-10-02 14:30:34.614,2026-10-02 14:30:36.656,2042
578,event-ingest,webhook,success,2026-10-02 14:30:34.655,2026-10-02 14:30:36.761,2106
579,event-ingest,webhook,success,2026-10-02 14:30:34.704,2026-10-02 14:30:36.743,2039
580,event-ingest,webhook,success,2026-10-02 14:30:34.754,2026-10-02 14:30:36.820,2066
581,event-ingest,webhook,success,2026-10-02 14:30:34.822,2026-10-02 14:30:36.963,2141
582,event-ingest,webhook,success,2026-10-02 14:30:34.870,2026-10-02 14:30:36.951,2081
583,event-ingest,webhook,success,2026-10-02 14:30:34.952,2026-10-02 14:30:38.555,3603
584,event-ingest,webhook,success,2026-10-02 14:35:03.127,2026-10-02 14:35:03.582,455
585,event-ingest,webhook,success,2026-10-02 14:35:03.157,2026-10-02 14:35:03.568,411
586,event-ingest,webhook,success,2026-10-02 14:35:03.187,2026-10-02 14:35:03.566,379
587,event-ingest,webhook,success,2026-10-02 14:35:03.221,2026-10-02 14:35:03.626,405
588,event-ingest,webhook,success,2026-10-02 14:35:05.370,2026-10-02 14:35:05.737,367
589,event-ingest,webhook,success,2026-10-02 14:35:05.398,2026-10-02 14:35:05.795,397
590,event-ingest,webhook,success,2026-10-02 14:35:05.424,2026-10-02 14:35:05.769,345
591,event-ingest,webhook,success,2026-10-02 14:35:05.454,2026-10-02 14:35:05.838,384
592,event-ingest,webhook,success,2026-10-02 14:35:05.478,2026-10-02 14:35:05.823,345
593,event-ingest,webhook,success,2026-10-02 14:35:05.506,2026-10-02 14:35:05.882,376
594,event-ingest,webhook,success,2026-10-02 14:35:06.431,2026-10-02 14:35:06.785,354
595,event-ingest,webhook,success,2026-10-02 14:35:07.056,2026-10-02 14:35:07.418,362
596,event-ingest,webhook,success,2026-10-02 14:35:07.989,2026-10-02 14:35:08.332,343
597,event-ingest,webhook,success,2026-10-02 14:35:08.922,2026-10-02 14:35:09.277,355
598,event-ingest,webhook,success,2026-10-02 14:35:09.557,2026-10-02 14:35:09.924,367
599,event-ingest,webhook,success,2026-10-02 14:35:10.492,2026-10-02 14:35:10.852,360
600,event-ingest,webhook,success,2026-10-02 14:35:10.523,2026-10-02 14:35:10.897,374
601,event-ingest,webhook,success,2026-10-02 14:35:11.450,2026-10-02 14:35:11.810,360
602,event-ingest,webhook,success,2026-10-02 14:35:11.476,2026-10-02 14:35:11.864,388
603,event-ingest,webhook,success,2026-10-02 14:35:11.503,2026-10-02 14:35:11.862,359
604,event-ingest,webhook,success,2026-10-02 14:35:11.535,2026-10-02 14:35:11.940,405
605,event-ingest,webhook,success,2026-10-02 14:35:13.369,2026-10-02 14:35:13.738,369
606,event-ingest,webhook,success,2026-10-02 14:35:13.396,2026-10-02 14:35:13.810,414
607,event-ingest,webhook,success,2026-10-02 14:35:13.422,2026-10-02 14:35:13.794,372
608,event-ingest,webhook,success,2026-10-02 14:35:13.465,2026-10-02 14:35:13.849,384
609,event-ingest,webhook,success,2026-10-02 14:35:15.604,2026-10-02 14:35:15.950,346
610,event-ingest,webhook,success,2026-10-02 14:35:15.630,2026-10-02 14:35:16.014,384
611,event-ingest,webhook,success,2026-10-02 14:35:15.653,2026-10-02 14:35:16.012,359
612,event-ingest,webhook,success,2026-10-02 14:35:15.678,2026-10-02 14:35:16.053,375
613,event-ingest,webhook,success,2026-10-02 14:35:17.518,2026-10-02 14:35:17.877,359
614,event-ingest,webhook,success,2026-10-02 14:35:17.552,2026-10-02 14:35:17.947,395
615,event-ingest,webhook,success,2026-10-02 14:35:17.577,2026-10-02 14:35:17.944,367
616,event-ingest,webhook,success,2026-10-02 14:35:17.605,2026-10-02 14:35:19.669,2064
617,event-ingest,webhook,success,2026-10-02 14:35:19.733,2026-10-02 14:35:21.759,2026
618,event-ingest,webhook,success,2026-10-02 14:35:19.760,2026-10-02 14:35:21.828,2068
619,event-ingest,webhook,success,2026-10-02 14:35:19.782,2026-10-02 14:35:21.806,2024
620,event-ingest,webhook,success,2026-10-02 14:35:19.810,2026-10-02 14:35:21.875,2065
621,event-ingest,webhook,success,2026-10-02 14:35:21.653,2026-10-02 14:35:23.677,2024
622,event-ingest,webhook,success,2026-10-02 14:35:21.677,2026-10-02 14:35:23.741,2064
623,event-ingest,webhook,success,2026-10-02 14:35:21.700,2026-10-02 14:35:23.721,2021
624,event-ingest,webhook,success,2026-10-02 14:35:21.726,2026-10-02 14:35:23.787,2061
625,event-ingest,webhook,success,2026-10-02 14:35:23.853,2026-10-02 14:35:25.881,2028
626,event-ingest,webhook,success,2026-10-02 14:35:23.876,2026-10-02 14:35:25.941,2065
627,event-ingest,webhook,success,2026-10-02 14:35:23.901,2026-10-02 14:35:25.927,2026
628,event-ingest,webhook,success,2026-10-02 14:35:23.930,2026-10-02 14:35:25.989,2059
629,event-ingest,webhook,success,2026-10-02 14:35:25.768,2026-10-02 14:35:27.793,2025
630,event-ingest,webhook,success,2026-10-02 14:35:25.791,2026-10-02 14:35:27.856,2065
631,event-ingest,webhook,success,2026-10-02 14:35:25.814,2026-10-02 14:35:27.841,2027
632,event-ingest,webhook,success,2026-10-02 14:35:25.841,2026-10-02 14:35:27.909,2068
633,event-ingest,webhook,success,2026-10-02 14:35:27.971,2026-10-02 14:35:29.994,2023
634,event-ingest,webhook,success,2026-10-02 14:35:27.996,2026-10-02 14:35:30.062,2066
635,event-ingest,webhook,success,2026-10-02 14:35:28.021,2026-10-02 14:35:30.045,2024
636,event-ingest,webhook,success,2026-10-02 14:35:28.047,2026-10-02 14:35:30.105,2058
637,event-ingest,webhook,success,2026-10-02 14:35:29.881,2026-10-02 14:35:31.907,2026
638,event-ingest,webhook,success,2026-10-02 14:35:29.907,2026-10-02 14:35:31.972,2065
639,event-ingest,webhook,success,2026-10-02 14:35:29.930,2026-10-02 14:35:31.954,2024
640,event-ingest,webhook,success,2026-10-02 14:35:29.955,2026-10-02 14:35:32.014,2059
641,event-ingest,webhook,success,2026-10-02 14:35:32.081,2026-10-02 14:35:34.114,2033
642,event-ingest,webhook,success,2026-10-02 14:35:32.114,2026-10-02 14:35:34.180,2066
643,event-ingest,webhook,success,2026-10-02 14:35:32.139,2026-10-02 14:35:34.165,2026
644,event-ingest,webhook,success,2026-10-02 14:35:32.164,2026-10-02 14:35:34.231,2067
645,event-ingest,webhook,success,2026-10-02 14:35:32.190,2026-10-02 14:35:34.214,2024
646,event-ingest,webhook,success,2026-10-02 14:35:32.215,2026-10-02 14:35:34.273,2058
647,event-ingest,webhook,success,2026-10-02 14:35:33.147,2026-10-02 14:35:35.177,2030
648,event-ingest,webhook,success,2026-10-02 14:35:33.774,2026-10-02 14:35:35.800,2026
649,event-ingest,webhook,success,2026-10-02 14:35:34.701,2026-10-02 14:35:36.724,2023
650,event-ingest,webhook,success,2026-10-02 14:35:35.630,2026-10-02 14:35:37.658,2028
651,event-ingest,webhook,success,2026-10-02 14:35:35.658,2026-10-02 14:35:37.715,2057
652,event-ingest,webhook,success,2026-10-02 14:35:36.591,2026-10-02 14:35:38.616,2025
653,event-ingest,webhook,success,2026-10-02 14:35:36.616,2026-10-02 14:35:38.677,2061
654,event-ingest,webhook,success,2026-10-02 14:35:36.639,2026-10-02 14:35:38.670,2031
655,event-ingest,webhook,success,2026-10-02 14:35:36.668,2026-10-02 14:35:38.726,2058
656,event-ingest,webhook,success,2026-10-02 14:35:38.499,2026-10-02 14:35:40.522,2023
657,event-ingest,webhook,success,2026-10-02 14:35:38.523,2026-10-02 14:35:40.591,2068
658,event-ingest,webhook,success,2026-10-02 14:35:38.545,2026-10-02 14:35:40.572,2027
659,event-ingest,webhook,success,2026-10-02 14:35:38.573,2026-10-02 14:35:40.636,2063
660,event-ingest,webhook,success,2026-10-02 14:35:40.703,2026-10-02 14:35:42.747,2044
661,event-ingest,webhook,success,2026-10-02 14:35:40.747,2026-10-02 14:35:42.875,2128
662,event-ingest,webhook,success,2026-10-02 14:35:40.800,2026-10-02 14:35:42.907,2107
663,event-ingest,webhook,success,2026-10-02 14:35:40.852,2026-10-02 14:35:42.897,2045
664,event-ingest,webhook,success,2026-10-02 14:35:40.902,2026-10-02 14:35:43.011,2109
665,event-ingest,webhook,success,2026-10-02 14:35:40.933,2026-10-02 14:35:42.974,2041
666,event-ingest,webhook,success,2026-10-02 14:35:40.991,2026-10-02 14:35:43.105,2114
667,event-ingest,webhook,success,2026-10-02 14:35:41.037,2026-10-02 14:35:43.096,2059
668,event-ingest,webhook,success,2026-10-02 14:35:41.092,2026-10-02 14:35:43.163,2071
669,event-ingest,webhook,success,2026-10-02 14:35:41.119,2026-10-02 14:35:43.146,2027
670,event-ingest,webhook,success,2026-10-02 14:35:41.150,2026-10-02 14:35:44.887,3737
671,event-ingest,webhook,success,2026-10-02 14:35:41.174,2026-10-02 14:35:44.767,3593
672,event-ingest,webhook,success,2026-10-02 14:35:41.203,2026-10-02 14:35:44.904,3701
673,event-ingest,webhook,success,2026-10-02 14:40:03.069,2026-10-02 14:40:03.498,429
674,event-ingest,webhook,success,2026-10-02 14:40:03.096,2026-10-02 14:40:03.527,431
675,event-ingest,webhook,success,2026-10-02 14:40:03.121,2026-10-02 14:40:03.536,415
676,event-ingest,webhook,success,2026-10-02 14:40:03.149,2026-10-02 14:40:03.571,422
677,event-ingest,webhook,success,2026-10-02 14:40:05.295,2026-10-02 14:40:05.646,351
678,event-ingest,webhook,success,2026-10-02 14:40:05.321,2026-10-02 14:40:05.719,398
679,event-ingest,webhook,success,2026-10-02 14:40:05.347,2026-10-02 14:40:05.691,344
680,event-ingest,webhook,success,2026-10-02 14:40:05.378,2026-10-02 14:40:05.754,376
681,event-ingest,webhook,success,2026-10-02 14:40:07.206,2026-10-02 14:40:07.579,373
682,event-ingest,webhook,success,2026-10-02 14:40:07.239,2026-10-02 14:40:07.633,394
683,event-ingest,webhook,success,2026-10-02 14:40:07.263,2026-10-02 14:40:07.602,339
684,event-ingest,webhook,success,2026-10-02 14:40:07.289,2026-10-02 14:40:07.664,375
685,event-ingest,webhook,success,2026-10-02 14:40:09.424,2026-10-02 14:40:09.772,348
686,event-ingest,webhook,success,2026-10-02 14:40:09.453,2026-10-02 14:40:09.855,402
687,event-ingest,webhook,success,2026-10-02 14:40:09.479,2026-10-02 14:40:09.845,366
688,event-ingest,webhook,success,2026-10-02 14:40:09.510,2026-10-02 14:40:09.892,382
689,event-ingest,webhook,success,2026-10-02 14:40:09.536,2026-10-02 14:40:09.901,365
690,event-ingest,webhook,success,2026-10-02 14:40:09.565,2026-10-02 14:40:09.938,373
691,event-ingest,webhook,success,2026-10-02 14:40:10.500,2026-10-02 14:40:10.866,366
692,event-ingest,webhook,success,2026-10-02 14:40:11.131,2026-10-02 14:40:11.533,402
693,event-ingest,webhook,success,2026-10-02 14:40:12.059,2026-10-02 14:40:12.407,348
694,event-ingest,webhook,success,2026-10-02 14:40:12.682,2026-10-02 14:40:13.041,359
695,event-ingest,webhook,success,2026-10-02 14:40:13.613,2026-10-02 14:40:13.958,345
696,event-ingest,webhook,success,2026-10-02 14:40:13.639,2026-10-02 14:40:14.032,393
697,event-ingest,webhook,success,2026-10-02 14:40:14.567,2026-10-02 14:40:14.937,370
698,event-ingest,webhook,success,2026-10-02 14:40:14.609,2026-10-02 14:40:15.018,409
699,event-ingest,webhook,success,2026-10-02 14:40:14.638,2026-10-02 14:40:15.009,371
700,event-ingest,webhook,success,2026-10-02 14:40:14.676,2026-10-02 14:40:15.077,401
701,event-ingest,webhook,success,2026-10-02 14:40:14.701,2026-10-02 14:40:15.050,349
702,event-ingest,webhook,success,2026-10-02 14:40:14.729,2026-10-02 14:40:15.121,392
703,event-ingest,webhook,success,2026-10-02 14:40:15.965,2026-10-02 14:40:16.331,366
704,event-ingest,webhook,success,2026-10-02 14:40:16.598,2026-10-02 14:40:16.965,367
705,event-ingest,webhook,success,2026-10-02 14:40:17.540,2026-10-02 14:40:17.890,350
706,event-ingest,webhook,success,2026-10-02 14:40:18.169,2026-10-02 14:40:18.561,392
707,event-ingest,webhook,success,2026-10-02 14:40:19.095,2026-10-02 14:40:19.457,362
708,event-ingest,webhook,success,2026-10-02 14:40:19.723,2026-10-02 14:40:20.084,361
709,event-ingest,webhook,success,2026-10-02 14:40:20.648,2026-10-02 14:40:21.022,374
710,event-ingest,webhook,success,2026-10-02 14:40:20.678,2026-10-02 14:40:21.055,377
711,event-ingest,webhook,success,2026-10-02 14:40:21.616,2026-10-02 14:40:21.982,366
712,event-ingest,webhook,success,2026-10-02 14:40:21.646,2026-10-02 14:40:23.705,2059
713,event-ingest,webhook,success,2026-10-02 14:40:21.670,2026-10-02 14:40:23.694,2024
714,event-ingest,webhook,success,2026-10-02 14:40:21.698,2026-10-02 14:40:23.753,2055
715,event-ingest,webhook,success,2026-10-02 14:40:23.821,2026-10-02 14:40:25.851,2030
716,event-ingest,webhook,success,2026-10-02 14:40:23.852,2026-10-02 14:40:25.933,2081
717,event-ingest,webhook,success,2026-10-02 14:40:23.880,2026-10-02 14:40:25.905,2025
718,event-ingest,webhook,success,2026-10-02 14:40:23.911,2026-10-02 14:40:26.032,2121
719,event-ingest,webhook,success,2026-10-02 14:40:25.749,2026-10-02 14:40:27.784,2035
720,event-ingest,webhook,success,2026-10-02 14:40:25.780,2026-10-02 14:40:27.861,2081
721,event-ingest,webhook,success,2026-10-02 14:40:25.806,2026-10-02 14:40:27.837,2031
722,event-ingest,webhook,success,2026-10-02 14:40:25.849,2026-10-02 14:40:27.972,2123
723,event-ingest,webhook,success,2026-10-02 14:40:25.893,2026-10-02 14:40:27.940,2047
724,ioc-extractor,trigger,success,2026-10-02 14:45:00.032,2026-10-02 14:45:01.082,1050
725,report-generator,trigger,success,2026-10-02 14:50:00.032,2026-10-02 14:50:00.094,62
