id,ioc_id,event_id,session,created_at
1,1,1,8b378f301c85,2026-10-09 01:45:00.298063+00
2,2,4,8b378f301c85,2026-10-09 01:45:00.473757+00
3,1,13,8239d96f2ee5,2026-10-09 01:45:00.649553+00
4,4,16,8239d96f2ee5,2026-10-09 01:45:00.723908+00
5,1,17,19c2de9e708e,2026-10-09 01:45:00.758113+00
6,6,20,19c2de9e708e,2026-10-09 01:45:00.793561+00
7,1,21,f7f345409b36,2026-10-09 01:45:00.833082+00
8,8,24,f7f345409b36,2026-10-09 01:45:00.910722+00
9,1,25,7d1c3c566fcc,2026-10-09 01:45:00.930726+00
10,10,28,7d1c3c566fcc,2026-10-09 01:45:00.985+00
11,1,29,2d3e15159108,2026-10-09 01:45:00.999508+00
12,12,32,2d3e15159108,2026-10-09 01:45:01.072981+00
13,1,33,4bbef0e767eb,2026-10-09 01:45:01.101693+00
14,14,36,4bbef0e767eb,2026-10-09 01:45:01.139269+00
15,1,37,e91e53ede55b,2026-10-09 01:45:01.156327+00
16,16,40,e91e53ede55b,2026-10-09 01:45:01.181953+00
17,1,41,aaf5d0af619c,2026-10-09 01:45:01.193973+00
18,18,44,aaf5d0af619c,2026-10-09 01:45:01.235858+00
19,1,45,bec84f1cf00d,2026-10-09 01:45:01.246665+00
20,20,48,bec84f1cf00d,2026-10-09 01:45:01.331301+00
21,1,58,d42a156be14f,2026-10-09 02:00:00.369177+00
22,6,61,d42a156be14f,2026-10-09 02:00:00.477688+00
23,1,62,d8d89c430b95,2026-10-09 02:00:00.495894+00
24,24,65,d8d89c430b95,2026-10-09 02:00:00.570995+00
25,1,66,1624ed1f29a4,2026-10-09 02:00:00.580786+00
26,26,69,1624ed1f29a4,2026-10-09 02:00:00.64806+00
27,1,78,a5ec1ef34155,2026-10-09 02:00:00.831255+00
28,28,81,a5ec1ef34155,2026-10-09 02:00:00.86293+00
29,1,82,6cc48d202e03,2026-10-09 02:00:00.881551+00
30,30,85,6cc48d202e03,2026-10-09 02:00:00.912161+00
31,1,86,76a01c06dd4e,2026-10-09 02:00:00.921681+00
32,12,89,76a01c06dd4e,2026-10-09 02:00:00.96107+00
33,1,90,8780ef879523,2026-10-09 02:00:00.969506+00
34,34,93,8780ef879523,2026-10-09 02:00:01.016231+00
35,1,100,7302cf16167f,2026-10-09 02:15:00.369128+00
36,10,103,7302cf16167f,2026-10-09 02:15:00.429868+00
37,1,104,fff6f1456501,2026-10-09 02:15:00.441505+00
38,6,107,fff6f1456501,2026-10-09 02:15:00.492636+00
39,1,108,946bb2fe903f,2026-10-09 02:15:00.504728+00
40,40,111,946bb2fe903f,2026-10-09 02:15:00.521096+00
41,1,122,36fa0e908779,2026-10-09 02:15:00.721288+00
42,34,125,36fa0e908779,2026-10-09 02:15:00.76369+00
43,1,126,ba09b627b8da,2026-10-09 02:15:00.787979+00
44,44,129,ba09b627b8da,2026-10-09 02:15:00.835737+00
45,45,134,ba09b627b8da,2026-10-09 02:15:00.904317+00
46,1,139,4d6766fe64f2,2026-10-09 02:15:01.027205+00
47,20,142,4d6766fe64f2,2026-10-09 02:15:01.094405+00
48,1,143,3ccbe43e023b,2026-10-09 02:15:01.103764+00
49,28,146,3ccbe43e023b,2026-10-09 02:15:01.129379+00
50,1,147,8f106c5e4826,2026-10-09 02:15:01.14013+00
51,51,150,8f106c5e4826,2026-10-09 02:15:01.183182+00
52,1,151,134c804330d8,2026-10-09 02:15:01.199284+00
53,4,154,134c804330d8,2026-10-09 02:15:01.233577+00
54,1,155,d7a00f7a4231,2026-10-09 02:15:01.253441+00
55,30,158,d7a00f7a4231,2026-10-09 02:15:01.299695+00
56,1,159,08ddf1ea163b,2026-10-09 02:15:01.318805+00
57,14,162,08ddf1ea163b,2026-10-09 02:15:01.405816+00
58,1,172,ef28c003233a,2026-10-09 02:30:00.388876+00
59,34,175,ef28c003233a,2026-10-09 02:30:00.443826+00
60,1,176,eeae67298f18,2026-10-09 02:30:00.456671+00
61,4,179,eeae67298f18,2026-10-09 02:30:00.533106+00
62,1,180,06cfdebe5ef6,2026-10-09 02:30:00.548584+00
63,63,183,06cfdebe5ef6,2026-10-09 02:30:00.597073+00
64,1,194,62c6520ace52,2026-10-09 02:30:00.874892+00
65,10,197,62c6520ace52,2026-10-09 02:30:00.927134+00
66,1,198,734cdab94add,2026-10-09 02:30:00.947023+00
67,30,201,734cdab94add,2026-10-09 02:30:00.975488+00
68,1,202,9609d2e6a775,2026-10-09 02:30:00.986956+00
69,16,205,9609d2e6a775,2026-10-09 02:30:01.041032+00
70,1,206,d6ee86a418d0,2026-10-09 02:30:01.051303+00
71,12,209,d6ee86a418d0,2026-10-09 02:30:01.087914+00
72,1,210,d4e96f20b8e9,2026-10-09 02:30:01.120757+00
73,8,213,d4e96f20b8e9,2026-10-09 02:30:01.222183+00
74,1,214,56a306d8c5c3,2026-10-09 02:30:01.238718+00
75,51,217,56a306d8c5c3,2026-10-09 02:30:01.275737+00
76,1,218,4dad5029f800,2026-10-09 02:30:01.288998+00
77,24,221,4dad5029f800,2026-10-09 02:30:01.329978+00
78,1,222,ea74500d61ee,2026-10-09 02:30:01.402497+00
79,14,225,ea74500d61ee,2026-10-09 02:30:01.529685+00
80,1,226,d68d2c2d70a1,2026-10-09 02:30:01.534561+00
81,28,229,d68d2c2d70a1,2026-10-09 02:30:01.606522+00
82,1,230,4eca13c4820f,2026-10-09 02:30:01.628051+00
83,20,233,4eca13c4820f,2026-10-09 02:30:01.720581+00
84,1,246,aa4e092e469a,2026-10-09 02:45:00.352608+00
85,14,249,aa4e092e469a,2026-10-09 02:45:00.441142+00
86,1,250,0ea1ba127815,2026-10-09 02:45:00.454522+00
87,8,253,0ea1ba127815,2026-10-09 02:45:00.499263+00
88,1,254,200d4f929705,2026-10-09 02:45:00.52385+00
89,51,257,200d4f929705,2026-10-09 02:45:00.568054+00
90,1,258,3cef2ee8809f,2026-10-09 02:45:00.59557+00
91,18,261,3cef2ee8809f,2026-10-09 02:45:00.641199+00
92,1,262,e5cd393cb08a,2026-10-09 02:45:00.660192+00
93,4,265,e5cd393cb08a,2026-10-09 02:45:00.713085+00
94,1,266,a2ada018bed7,2026-10-09 02:45:00.73005+00
95,16,269,a2ada018bed7,2026-10-09 02:45:00.765712+00
96,1,270,5cef2c564e1a,2026-10-09 02:45:00.784026+00
97,28,273,5cef2c564e1a,2026-10-09 02:45:00.853222+00
98,1,274,3934dd50e5ac,2026-10-09 02:45:00.86913+00
99,6,277,3934dd50e5ac,2026-10-09 02:45:00.920709+00
100,1,278,6df016dfeb81,2026-10-09 02:45:00.93678+00
101,34,281,6df016dfeb81,2026-10-09 02:45:00.971035+00
102,1,282,d9c59b54d0b9,2026-10-09 02:45:00.981887+00
103,12,285,d9c59b54d0b9,2026-10-09 02:45:01.01672+00
104,1,286,36dd521ef931,2026-10-09 02:45:01.043224+00
105,105,289,36dd521ef931,2026-10-09 02:45:01.081154+00
106,1,297,e9a48b5ef6cc,2026-10-09 02:45:01.185174+00
107,10,300,e9a48b5ef6cc,2026-10-09 02:45:01.233793+00
108,1,312,7efa7c07923a,2026-10-09 03:00:00.301809+00
109,51,315,7efa7c07923a,2026-10-09 03:00:00.373317+00
110,1,316,1039ab29f16e,2026-10-09 03:00:00.390776+00
111,10,319,1039ab29f16e,2026-10-09 03:00:00.440795+00
112,1,320,9b73b774dc85,2026-10-09 03:00:00.463506+00
113,26,323,9b73b774dc85,2026-10-09 03:00:00.517879+00
114,114,326,9b73b774dc85,2026-10-09 03:00:00.582283+00
115,1,332,831a49bfca98,2026-10-09 03:00:00.682977+00
116,116,335,831a49bfca98,2026-10-09 03:00:00.729035+00
117,1,343,692dbada0c48,2026-10-09 03:00:00.839704+00
118,30,346,692dbada0c48,2026-10-09 03:00:00.879419+00
119,1,347,c4a51b28e280,2026-10-09 03:00:00.902696+00
120,4,350,c4a51b28e280,2026-10-09 03:00:00.932692+00
121,1,355,d8900ebfa172,2026-10-09 03:15:00.469765+00
122,10,358,d8900ebfa172,2026-10-09 03:15:00.624552+00
123,1,359,3a5983c32be1,2026-10-09 03:15:00.642893+00
124,44,362,3a5983c32be1,2026-10-09 03:15:00.725157+00
125,114,365,3a5983c32be1,2026-10-09 03:15:00.77013+00
126,1,372,9b5b3e9a9b8d,2026-10-09 03:15:00.954513+00
127,12,375,9b5b3e9a9b8d,2026-10-09 03:15:01.065465+00
128,1,376,c4b9129231d5,2026-10-09 03:15:01.10495+00
129,34,379,c4b9129231d5,2026-10-09 03:15:01.25186+00
130,1,380,83a0d7cba9a4,2026-10-09 03:15:01.259325+00
131,28,383,83a0d7cba9a4,2026-10-09 03:15:01.36531+00
132,1,384,6271fc286595,2026-10-09 03:15:01.503623+00
133,6,387,6271fc286595,2026-10-09 03:15:01.637287+00
134,1,393,6a7a281b2728,2026-10-09 03:30:00.294946+00
135,51,396,6a7a281b2728,2026-10-09 03:30:00.395428+00
136,1,397,87b9c84675e3,2026-10-09 03:30:00.445844+00
137,4,400,87b9c84675e3,2026-10-09 03:30:00.595176+00
138,1,401,e1162472f0fc,2026-10-09 03:30:00.605781+00
139,139,404,e1162472f0fc,2026-10-09 03:30:00.642778+00
140,1,414,1de00fc25a02,2026-10-09 03:30:00.834434+00
141,8,417,1de00fc25a02,2026-10-09 03:30:00.876951+00
142,1,418,b766ef6a9583,2026-10-09 03:30:00.889209+00
143,16,421,b766ef6a9583,2026-10-09 03:30:00.901167+00
144,1,422,7fc10e372856,2026-10-09 03:30:00.90352+00
145,30,425,7fc10e372856,2026-10-09 03:30:00.918327+00
146,1,426,c4fbd345edb7,2026-10-09 03:30:00.927323+00
147,24,429,c4fbd345edb7,2026-10-09 03:30:00.942674+00
148,1,430,6c66d71e571f,2026-10-09 03:30:00.945059+00
149,6,433,6c66d71e571f,2026-10-09 03:30:00.96283+00
150,1,434,61af4d2d907f,2026-10-09 03:30:00.965727+00
151,14,437,61af4d2d907f,2026-10-09 03:30:00.976321+00
152,1,438,140c7534c419,2026-10-09 03:30:00.991487+00
153,18,441,140c7534c419,2026-10-09 03:30:01.008803+00
154,1,442,6fc4558b4a55,2026-10-09 03:30:01.022358+00
155,10,445,6fc4558b4a55,2026-10-09 03:30:01.047195+00
156,1,446,1dc0b3bccb22,2026-10-09 03:30:01.049916+00
157,20,449,1dc0b3bccb22,2026-10-09 03:30:01.056898+00
158,1,450,55c062bb2e94,2026-10-09 03:30:01.059422+00
159,12,453,55c062bb2e94,2026-10-09 03:30:01.081409+00
160,1,466,b94e85df7341,2026-10-09 03:45:00.42398+00
161,18,469,b94e85df7341,2026-10-09 03:45:00.493197+00
162,1,470,aa4b0ed5e277,2026-10-09 03:45:00.508647+00
163,16,473,aa4b0ed5e277,2026-10-09 03:45:00.59903+00
164,1,474,a870bb3d7b67,2026-10-09 03:45:00.617351+00
165,12,477,a870bb3d7b67,2026-10-09 03:45:00.693609+00
166,1,478,2dbe80a34b0b,2026-10-09 03:45:00.700573+00
167,24,481,2dbe80a34b0b,2026-10-09 03:45:00.717145+00
168,1,482,04b434bf24f9,2026-10-09 03:45:00.734802+00
169,4,485,04b434bf24f9,2026-10-09 03:45:00.790744+00
170,1,486,3cb2c16ea101,2026-10-09 03:45:00.812383+00
171,28,489,3cb2c16ea101,2026-10-09 03:45:00.897913+00
172,1,490,606af4e9fc06,2026-10-09 03:45:00.918907+00
173,14,493,606af4e9fc06,2026-10-09 03:45:00.952476+00
174,1,494,a40753aadeff,2026-10-09 03:45:00.971362+00
175,30,497,a40753aadeff,2026-10-09 03:45:01.020553+00
176,1,498,bd88177ca287,2026-10-09 03:45:01.040004+00
177,6,501,bd88177ca287,2026-10-09 03:45:01.130865+00
178,1,502,32f46c32d748,2026-10-09 03:45:01.167752+00
179,179,505,32f46c32d748,2026-10-09 03:45:01.201193+00
180,1,522,daa9f908d111,2026-10-09 04:00:00.339048+00
181,20,525,daa9f908d111,2026-10-09 04:00:00.480827+00
182,1,526,836fc3d92013,2026-10-09 04:00:00.526591+00
183,51,529,836fc3d92013,2026-10-09 04:00:00.607621+00
184,1,530,e0502a150148,2026-10-09 04:00:00.627631+00
185,30,532,e0502a150148,2026-10-09 04:00:00.662689+00
186,1,534,099b2b17f025,2026-10-09 04:00:00.708704+00
187,24,537,099b2b17f025,2026-10-09 04:00:00.799678+00
188,1,538,ae4b61791ce1,2026-10-09 04:00:00.816823+00
189,14,541,ae4b61791ce1,2026-10-09 04:00:00.870698+00
190,1,542,cbeba4944931,2026-10-09 04:00:00.906152+00
191,191,545,cbeba4944931,2026-10-09 04:00:01.1127+00
192,192,553,cbeba4944931,2026-10-09 04:00:01.30872+00
193,1,557,e60c776ee049,2026-10-09 04:00:01.366908+00
194,28,560,e60c776ee049,2026-10-09 04:00:01.422161+00
195,1,561,63b0614e6af7,2026-10-09 04:00:01.434286+00
196,6,564,63b0614e6af7,2026-10-09 04:00:01.493424+00
197,1,565,f51137e29921,2026-10-09 04:00:01.513216+00
198,34,568,f51137e29921,2026-10-09 04:00:01.592781+00
199,1,569,e9ef214ce6f3,2026-10-09 04:00:01.648273+00
200,18,572,e9ef214ce6f3,2026-10-09 04:00:01.717016+00
201,1,573,6a0981b61c41,2026-10-09 04:00:01.736197+00
202,4,576,6a0981b61c41,2026-10-09 04:00:01.802961+00
203,1,577,b04590197d13,2026-10-09 04:00:01.852087+00
204,16,580,b04590197d13,2026-10-09 04:00:02.061477+00
205,1,592,97ac6b98cb8c,2026-10-09 04:15:00.443702+00
206,28,595,97ac6b98cb8c,2026-10-09 04:15:00.52456+00
207,1,596,4c9a80628469,2026-10-09 04:15:00.559506+00
208,30,599,4c9a80628469,2026-10-09 04:15:00.674031+00
209,1,600,0b1281c97150,2026-10-09 04:15:00.704314+00
210,10,603,0b1281c97150,2026-10-09 04:15:00.736435+00
211,1,604,bd9d8e181c75,2026-10-09 04:15:00.747617+00
212,18,607,bd9d8e181c75,2026-10-09 04:15:00.827081+00
213,1,608,eaf3b90d7f19,2026-10-09 04:15:00.870977+00
214,6,611,eaf3b90d7f19,2026-10-09 04:15:01.014559+00
215,1,612,c4a3cc057701,2026-10-09 04:15:01.051599+00
216,216,615,c4a3cc057701,2026-10-09 04:15:01.103175+00
217,1,625,210bf4cc4a53,2026-10-09 04:15:01.594889+00
218,14,628,210bf4cc4a53,2026-10-09 04:15:01.673112+00
219,1,629,3ec74dd4c81b,2026-10-09 04:15:01.693394+00
220,51,632,3ec74dd4c81b,2026-10-09 04:15:01.741922+00
221,1,633,97f1a4ed5646,2026-10-09 04:15:01.745073+00
222,4,636,97f1a4ed5646,2026-10-09 04:15:01.805977+00
223,1,645,5ab8f48cb4cd,2026-10-09 04:30:00.377888+00
224,16,648,5ab8f48cb4cd,2026-10-09 04:30:00.4391+00
225,1,649,75c8b840be2a,2026-10-09 04:30:00.455025+00
226,14,652,75c8b840be2a,2026-10-09 04:30:00.510032+00
227,1,653,b13a98a59c98,2026-10-09 04:30:00.543628+00
228,4,655,b13a98a59c98,2026-10-09 04:30:00.576386+00
229,1,657,aa49de52bc00,2026-10-09 04:30:00.607894+00
230,34,660,aa49de52bc00,2026-10-09 04:30:00.665061+00
231,1,661,ca93970ef4cd,2026-10-09 04:30:00.674111+00
232,232,664,ca93970ef4cd,2026-10-09 04:30:00.697875+00
233,1,675,bb2f4dcd82c5,2026-10-09 04:30:00.865155+00
234,18,678,bb2f4dcd82c5,2026-10-09 04:30:00.915305+00
235,1,679,0ff8b699f34f,2026-10-09 04:30:00.926441+00
236,12,682,0ff8b699f34f,2026-10-09 04:30:00.992716+00
237,1,683,84314a237437,2026-10-09 04:30:01.007477+00
238,10,686,84314a237437,2026-10-09 04:30:01.048834+00
239,1,687,4900f5cd34cc,2026-10-09 04:30:01.060209+00
240,24,690,4900f5cd34cc,2026-10-09 04:30:01.099168+00
241,1,691,4e69448c9a90,2026-10-09 04:30:01.127542+00
242,8,694,4e69448c9a90,2026-10-09 04:30:01.197318+00
243,1,704,fe01e6c48b24,2026-10-09 04:45:00.423196+00
244,34,707,fe01e6c48b24,2026-10-09 04:45:00.53652+00
245,1,708,acad177abd3a,2026-10-09 04:45:00.576813+00
246,4,711,acad177abd3a,2026-10-09 04:45:00.644831+00
247,1,712,79ede7093082,2026-10-09 04:45:00.664205+00
248,30,715,79ede7093082,2026-10-09 04:45:00.706629+00
249,1,716,257cf8c25b99,2026-10-09 04:45:00.719696+00
250,10,719,257cf8c25b99,2026-10-09 04:45:00.752491+00
251,1,720,2e35f9c81336,2026-10-09 04:45:00.764818+00
252,12,723,2e35f9c81336,2026-10-09 04:45:00.80135+00
253,1,724,91b98b32c226,2026-10-09 04:45:00.814377+00
254,2,727,91b98b32c226,2026-10-09 04:45:00.846621+00
255,114,730,91b98b32c226,2026-10-09 04:45:00.877148+00
256,1,741,99957ba97ad8,2026-10-09 05:00:00.412528+00
257,16,744,99957ba97ad8,2026-10-09 05:00:00.488347+00
258,1,745,ade63193460a,2026-10-09 05:00:00.505895+00
259,20,748,ade63193460a,2026-10-09 05:00:00.54379+00
260,1,749,ad5dc8eba06f,2026-10-09 05:00:00.557598+00
261,12,752,ad5dc8eba06f,2026-10-09 05:00:00.603534+00
262,1,753,e64228f3ea5c,2026-10-09 05:00:00.618269+00
263,8,756,e64228f3ea5c,2026-10-09 05:00:00.669095+00
264,1,757,ed6ef92044fa,2026-10-09 05:00:00.688589+00
265,6,760,ed6ef92044fa,2026-10-09 05:00:00.731499+00
266,1,761,c7c27c51c76d,2026-10-09 05:00:00.755402+00
267,4,764,c7c27c51c76d,2026-10-09 05:00:00.791335+00
268,1,765,aab2cc07c448,2026-10-09 05:00:00.805845+00
269,18,768,aab2cc07c448,2026-10-09 05:00:00.835873+00
270,1,769,adcbf1767ad1,2026-10-09 05:00:00.853229+00
271,51,772,adcbf1767ad1,2026-10-09 05:00:00.894134+00
272,1,773,6bfcacacc325,2026-10-09 05:00:00.910446+00
273,34,776,6bfcacacc325,2026-10-09 05:00:00.973786+00
274,1,777,0a6968bf3c53,2026-10-09 05:00:00.999913+00
275,44,780,0a6968bf3c53,2026-10-09 05:00:01.062849+00
276,1,789,40e61453e8cd,2026-10-09 05:00:01.181889+00
277,28,792,40e61453e8cd,2026-10-09 05:00:01.223606+00
278,1,793,8e72a862b893,2026-10-09 05:00:01.24+00
279,26,796,8e72a862b893,2026-10-09 05:00:01.268881+00
280,280,803,8e72a862b893,2026-10-09 05:00:01.379985+00
281,1,808,91bcc4da2242,2026-10-09 05:00:01.470435+00
282,10,811,91bcc4da2242,2026-10-09 05:00:01.495974+00
283,1,823,e2018980b2dc,2026-10-09 05:15:00.276534+00
284,10,826,e2018980b2dc,2026-10-09 05:15:00.341639+00
285,1,827,0f794043d555,2026-10-09 05:15:00.366402+00
286,6,830,0f794043d555,2026-10-09 05:15:00.43099+00
287,1,831,f4e7546bab19,2026-10-09 05:15:00.440276+00
288,51,834,f4e7546bab19,2026-10-09 05:15:00.482225+00
289,1,835,2abc98451410,2026-10-09 05:15:00.492256+00
290,12,838,2abc98451410,2026-10-09 05:15:00.53672+00
291,1,839,6cffb196524e,2026-10-09 05:15:00.556458+00
292,40,842,6cffb196524e,2026-10-09 05:15:00.588617+00
293,1,852,de9923b33929,2026-10-09 05:15:00.760485+00
294,24,855,de9923b33929,2026-10-09 05:15:00.804597+00
295,1,856,b9318dd0a096,2026-10-09 05:15:00.810942+00
296,20,859,b9318dd0a096,2026-10-09 05:15:00.846453+00
297,1,860,ae97296661a2,2026-10-09 05:15:00.867153+00
298,28,863,ae97296661a2,2026-10-09 05:15:00.924146+00
299,1,864,ae5da4f399a9,2026-10-09 05:15:00.936196+00
300,4,867,ae5da4f399a9,2026-10-09 05:15:00.971903+00
301,1,868,26100e8392d4,2026-10-09 05:15:00.984374+00
302,30,871,26100e8392d4,2026-10-09 05:15:01.034493+00
303,1,881,38408216b260,2026-10-09 05:30:00.375126+00
304,6,884,38408216b260,2026-10-09 05:30:00.456955+00
305,1,885,e559f4f6816e,2026-10-09 05:30:00.467249+00
306,4,888,e559f4f6816e,2026-10-09 05:30:00.53002+00
307,1,889,82a4b189ce06,2026-10-09 05:30:00.55+00
308,18,892,82a4b189ce06,2026-10-09 05:30:00.606433+00
309,1,893,66f2d17a010c,2026-10-09 05:30:00.6248+00
310,12,896,66f2d17a010c,2026-10-09 05:30:00.685854+00
311,1,897,f1fed1e413ed,2026-10-09 05:30:00.694624+00
312,20,900,f1fed1e413ed,2026-10-09 05:30:00.738366+00
313,1,901,c88be37077c4,2026-10-09 05:30:00.747262+00
314,14,904,c88be37077c4,2026-10-09 05:30:00.803473+00
315,1,905,b16f49f9feb1,2026-10-09 05:30:00.812336+00
316,63,908,b16f49f9feb1,2026-10-09 05:30:00.892951+00
317,1,917,8b214aa3dbc3,2026-10-09 05:30:01.041815+00
318,16,920,8b214aa3dbc3,2026-10-09 05:30:01.087281+00
319,1,921,e40e8e15a56f,2026-10-09 05:30:01.097441+00
320,30,924,e40e8e15a56f,2026-10-09 05:30:01.135513+00
321,1,925,15d0b58bb7e6,2026-10-09 05:30:01.150005+00
322,10,928,15d0b58bb7e6,2026-10-09 05:30:01.199623+00
323,1,938,bda0cd5002d4,2026-10-09 05:45:00.287948+00
324,105,941,bda0cd5002d4,2026-10-09 05:45:00.354457+00
325,192,947,bda0cd5002d4,2026-10-09 05:45:00.500376+00
326,1,952,be57e666e831,2026-10-09 05:45:00.599268+00
327,8,955,be57e666e831,2026-10-09 05:45:00.661973+00
328,1,956,16188848cc90,2026-10-09 05:45:00.695485+00
329,10,959,16188848cc90,2026-10-09 05:45:00.763408+00
330,1,960,47b910c80aa2,2026-10-09 05:45:00.779182+00
331,4,963,47b910c80aa2,2026-10-09 05:45:00.816226+00
332,1,964,77f0f12ea3ce,2026-10-09 05:45:00.834322+00
333,14,967,77f0f12ea3ce,2026-10-09 05:45:00.877834+00
334,1,968,3d898c49d139,2026-10-09 05:45:00.889832+00
335,28,971,3d898c49d139,2026-10-09 05:45:00.929346+00
336,1,977,28e81037d900,2026-10-09 06:00:00.407815+00
337,51,980,28e81037d900,2026-10-09 06:00:00.515772+00
338,1,981,5a647eec70cf,2026-10-09 06:00:00.531823+00
339,28,984,5a647eec70cf,2026-10-09 06:00:00.584429+00
340,1,985,bbc8a38ed650,2026-10-09 06:00:00.601784+00
341,10,988,bbc8a38ed650,2026-10-09 06:00:00.653165+00
342,1,989,46f0a2fd166a,2026-10-09 06:00:00.692504+00
343,24,992,46f0a2fd166a,2026-10-09 06:00:00.738821+00
344,1,993,8f406d94e4de,2026-10-09 06:00:00.762086+00
345,44,996,8f406d94e4de,2026-10-09 06:00:00.81641+00
346,45,999,8f406d94e4de,2026-10-09 06:00:00.862183+00
347,1,1008,fba8898fc78f,2026-10-09 06:00:01.031268+00
348,6,1011,fba8898fc78f,2026-10-09 06:00:01.064953+00
349,1,1012,dbdeaa8e696e,2026-10-09 06:00:01.084232+00
350,16,1015,dbdeaa8e696e,2026-10-09 06:00:01.128414+00
351,1,1016,5a49e668815f,2026-10-09 06:00:01.146983+00
352,18,1019,5a49e668815f,2026-10-09 06:00:01.202668+00
353,1,1020,e0a295e92cbc,2026-10-09 06:00:01.217245+00
354,116,1023,e0a295e92cbc,2026-10-09 06:00:01.27544+00
355,1,1034,225b4edd9097,2026-10-09 06:00:01.462303+00
356,20,1037,225b4edd9097,2026-10-09 06:00:01.516367+00
357,1,1038,47ac93945d8f,2026-10-09 06:00:01.537818+00
358,30,1041,47ac93945d8f,2026-10-09 06:00:01.592694+00
359,1,1042,1dab73797761,2026-10-09 06:00:01.618141+00
360,14,1045,1dab73797761,2026-10-09 06:00:01.661343+00
361,1,1046,c22e62103d13,2026-10-09 06:00:01.685978+00
362,34,1049,c22e62103d13,2026-10-09 06:00:01.730978+00
363,1,1050,2026946b8399,2026-10-09 06:00:01.738015+00
364,8,1053,2026946b8399,2026-10-09 06:00:01.770801+00
365,1,1054,ee4a5bf1b35b,2026-10-09 06:00:01.791758+00
366,4,1057,ee4a5bf1b35b,2026-10-09 06:00:01.825499+00
367,1,1071,c4e21797bd98,2026-10-09 06:15:00.327121+00
368,16,1074,c4e21797bd98,2026-10-09 06:15:00.369637+00
369,1,1075,7cd46de56ccd,2026-10-09 06:15:00.376606+00
370,18,1078,7cd46de56ccd,2026-10-09 06:15:00.41568+00
371,1,1079,67045ddd8329,2026-10-09 06:15:00.429799+00
372,6,1082,67045ddd8329,2026-10-09 06:15:00.469206+00
373,1,1083,71979056ba07,2026-10-09 06:15:00.487547+00
374,28,1086,71979056ba07,2026-10-09 06:15:00.539962+00
375,1,1087,1e4b9ea7ef1e,2026-10-09 06:15:00.55526+00
376,51,1090,1e4b9ea7ef1e,2026-10-09 06:15:00.583549+00
377,1,1091,ea1eaa87c691,2026-10-09 06:15:00.591859+00
378,24,1094,ea1eaa87c691,2026-10-09 06:15:00.630688+00
379,1,1095,a8639631d7fc,2026-10-09 06:15:00.647594+00
380,14,1098,a8639631d7fc,2026-10-09 06:15:00.700052+00
381,1,1099,d647d00a7129,2026-10-09 06:15:00.712805+00
382,4,1102,d647d00a7129,2026-10-09 06:15:00.741047+00
383,1,1103,0975ae0ca650,2026-10-09 06:15:00.749016+00
384,44,1106,0975ae0ca650,2026-10-09 06:15:00.786654+00
385,45,1113,0975ae0ca650,2026-10-09 06:15:00.965632+00
386,1,1124,58388b5fc628,2026-10-09 06:30:00.359311+00
387,51,1127,58388b5fc628,2026-10-09 06:30:00.451414+00
388,1,1128,de0937496177,2026-10-09 06:30:00.475813+00
389,10,1131,de0937496177,2026-10-09 06:30:00.552849+00
390,1,1132,c6b47370608f,2026-10-09 06:30:00.569054+00
391,12,1135,c6b47370608f,2026-10-09 06:30:00.615181+00
392,1,1136,f1e72c20b32e,2026-10-09 06:30:00.633731+00
393,34,1139,f1e72c20b32e,2026-10-09 06:30:00.672444+00
394,1,1140,0b5bd40037e8,2026-10-09 06:30:00.685155+00
395,8,1143,0b5bd40037e8,2026-10-09 06:30:00.720885+00
396,1,1144,0b9c49cf3895,2026-10-09 06:30:00.747385+00
397,14,1147,0b9c49cf3895,2026-10-09 06:30:00.797799+00
398,1,1148,28711c316d1b,2026-10-09 06:30:00.818317+00
399,24,1151,28711c316d1b,2026-10-09 06:30:00.856769+00
400,1,1152,61ad7c28176d,2026-10-09 06:30:00.871063+00
401,6,1155,61ad7c28176d,2026-10-09 06:30:00.942008+00
402,1,1156,2127192e2125,2026-10-09 06:30:00.964006+00
403,18,1159,2127192e2125,2026-10-09 06:30:01.00749+00
404,1,1160,24523653982a,2026-10-09 06:30:01.039145+00
405,28,1163,24523653982a,2026-10-09 06:30:01.095385+00
406,1,1164,ea0d58b4894c,2026-10-09 06:30:01.110441+00
407,16,1167,ea0d58b4894c,2026-10-09 06:30:01.230816+00
408,1,1168,2352335e4ea9,2026-10-09 06:30:01.24463+00
409,30,1171,2352335e4ea9,2026-10-09 06:30:01.304157+00
410,1,1172,9fe8433e3a18,2026-10-09 06:30:01.3095+00
411,139,1175,9fe8433e3a18,2026-10-09 06:30:01.365119+00
412,1,1185,66da186af1b1,2026-10-09 06:30:01.665556+00
413,20,1188,66da186af1b1,2026-10-09 06:30:01.696989+00
414,1,1189,06d29509dced,2026-10-09 06:30:01.70783+00
415,4,1192,06d29509dced,2026-10-09 06:30:01.747525+00
416,1,1207,82237ac64289,2026-10-09 06:45:00.293946+00
417,34,1210,82237ac64289,2026-10-09 06:45:00.366716+00
418,1,1211,d4df9c93009c,2026-10-09 06:45:00.390604+00
419,12,1214,d4df9c93009c,2026-10-09 06:45:00.431313+00
420,1,1215,56b0a5ccffa3,2026-10-09 06:45:00.441645+00
421,24,1218,56b0a5ccffa3,2026-10-09 06:45:00.505537+00
422,1,1219,4ff2dbe4ab2f,2026-10-09 06:45:00.526781+00
423,18,1222,4ff2dbe4ab2f,2026-10-09 06:45:00.58362+00
424,1,1223,6eb280ca278c,2026-10-09 06:45:00.619213+00
425,179,1226,6eb280ca278c,2026-10-09 06:45:00.669543+00
426,192,1229,6eb280ca278c,2026-10-09 06:45:00.71037+00
427,1,1236,fc09906029f3,2026-10-09 06:45:00.851848+00
428,30,1239,fc09906029f3,2026-10-09 06:45:00.906684+00
429,1,1245,1880dcdb6441,2026-10-09 07:00:00.380403+00
430,12,1248,1880dcdb6441,2026-10-09 07:00:00.495493+00
431,1,1249,46bcd65483f9,2026-10-09 07:00:00.51467+00
432,20,1252,46bcd65483f9,2026-10-09 07:00:00.560402+00
433,1,1253,2c5353d2be6b,2026-10-09 07:00:00.574207+00
434,63,1256,2c5353d2be6b,2026-10-09 07:00:00.625247+00
435,114,1260,2c5353d2be6b,2026-10-09 07:00:00.674064+00
436,1,1268,22e95572947f,2026-10-09 07:00:00.809096+00
437,191,1271,22e95572947f,2026-10-09 07:00:00.838652+00
438,280,1276,22e95572947f,2026-10-09 07:00:00.91422+00
439,1,1281,60c1e1f9ae5a,2026-10-09 07:00:00.976684+00
440,18,1284,60c1e1f9ae5a,2026-10-09 07:00:01.021698+00
441,1,1285,5de9e11d3011,2026-10-09 07:00:01.037586+00
442,8,1288,5de9e11d3011,2026-10-09 07:00:01.076548+00
443,1,1293,2469a9e3c935,2026-10-09 07:15:00.354726+00
444,20,1296,2469a9e3c935,2026-10-09 07:15:00.47063+00
445,1,1297,dd5848424f1c,2026-10-09 07:15:00.486106+00
446,6,1300,dd5848424f1c,2026-10-09 07:15:00.532584+00
447,1,1301,8dbb5cc76c0e,2026-10-09 07:15:00.557614+00
448,28,1304,8dbb5cc76c0e,2026-10-09 07:15:00.597202+00
449,1,1305,12022d4c006a,2026-10-09 07:15:00.614479+00
450,14,1308,12022d4c006a,2026-10-09 07:15:00.658443+00
451,1,1309,fbcc8d8c8433,2026-10-09 07:15:00.67494+00
452,216,1312,fbcc8d8c8433,2026-10-09 07:15:00.712399+00
453,1,1320,e020092179c9,2026-10-09 07:15:00.830364+00
454,18,1323,e020092179c9,2026-10-09 07:15:00.874337+00
455,1,1324,ed4bae1ee664,2026-10-09 07:15:00.885039+00
456,30,1327,ed4bae1ee664,2026-10-09 07:15:00.926089+00
457,1,1328,4a6688431903,2026-10-09 07:15:00.94076+00
458,10,1331,4a6688431903,2026-10-09 07:15:00.990973+00
459,1,1332,73bccbd74561,2026-10-09 07:15:01.009925+00
460,4,1335,73bccbd74561,2026-10-09 07:15:01.048206+00
461,1,1344,a7d9bb2d3e35,2026-10-09 07:30:00.376594+00
462,20,1347,a7d9bb2d3e35,2026-10-09 07:30:00.449918+00
463,1,1348,72a8f9d405b1,2026-10-09 07:30:00.461144+00
464,232,1351,72a8f9d405b1,2026-10-09 07:30:00.507174+00
465,1,1362,56761f43e27c,2026-10-09 07:30:00.697613+00
466,12,1365,56761f43e27c,2026-10-09 07:30:00.733728+00
467,1,1366,4277a3c73a3a,2026-10-09 07:30:00.746368+00
468,8,1369,4277a3c73a3a,2026-10-09 07:30:00.784234+00
469,1,1370,cfb2a4b61b9c,2026-10-09 07:30:00.788096+00
470,34,1373,cfb2a4b61b9c,2026-10-09 07:30:00.823489+00
471,1,1374,180d58362274,2026-10-09 07:30:00.837509+00
472,24,1377,180d58362274,2026-10-09 07:30:00.863625+00
473,1,1378,bf6101eac876,2026-10-09 07:30:00.883921+00
474,18,1381,bf6101eac876,2026-10-09 07:30:00.939932+00
475,1,1382,7be2368456c5,2026-10-09 07:30:00.968115+00
476,6,1385,7be2368456c5,2026-10-09 07:30:01.006999+00
477,1,1386,12468d3d33ad,2026-10-09 07:30:01.019446+00
478,51,1389,12468d3d33ad,2026-10-09 07:30:01.079868+00
479,1,1390,35e70a05c743,2026-10-09 07:30:01.113561+00
480,14,1393,35e70a05c743,2026-10-09 07:30:01.156466+00
481,1,1394,f6556d193f80,2026-10-09 07:30:01.171153+00
482,30,1397,f6556d193f80,2026-10-09 07:30:01.208072+00
483,1,1398,b2347541dd18,2026-10-09 07:30:01.219322+00
484,4,1401,b2347541dd18,2026-10-09 07:30:01.261996+00
485,1,1402,e41b68c64ac0,2026-10-09 07:30:01.279682+00
486,16,1405,e41b68c64ac0,2026-10-09 07:30:01.322368+00
487,1,1406,7d9e83a46365,2026-10-09 07:30:01.336235+00
488,28,1409,7d9e83a46365,2026-10-09 07:30:01.389269+00
489,1,1410,527bb6f461fd,2026-10-09 07:30:01.405292+00
490,10,1413,527bb6f461fd,2026-10-09 07:30:01.44434+00
491,1,1428,43e23e97972d,2026-10-09 07:45:00.281937+00
492,2,1431,43e23e97972d,2026-10-09 07:45:00.361239+00
493,493,1437,43e23e97972d,2026-10-09 07:45:00.506144+00
494,1,1441,b736cf6916d8,2026-10-09 07:45:00.578469+00
495,8,1444,b736cf6916d8,2026-10-09 07:45:00.629851+00
496,1,1445,09d845f31206,2026-10-09 07:45:00.648004+00
497,12,1448,09d845f31206,2026-10-09 07:45:00.688667+00
498,1,1449,f13b37448307,2026-10-09 07:45:00.709773+00
499,4,1452,f13b37448307,2026-10-09 07:45:00.751659+00
500,1,1453,698ff843297a,2026-10-09 07:45:00.767413+00
501,34,1456,698ff843297a,2026-10-09 07:45:00.828616+00
502,1,1457,40ecc48a7248,2026-10-09 07:45:00.840404+00
503,30,1460,40ecc48a7248,2026-10-09 07:45:00.899912+00
504,1,1461,19902c2d493b,2026-10-09 07:45:00.911414+00
505,14,1464,19902c2d493b,2026-10-09 07:45:00.956999+00
506,1,1465,37b26e482e97,2026-10-09 07:45:00.9755+00
507,6,1468,37b26e482e97,2026-10-09 07:45:01.019993+00
508,1,1469,bfb19e6e8d4a,2026-10-09 07:45:01.047055+00
509,20,1472,bfb19e6e8d4a,2026-10-09 07:45:01.111202+00
510,1,1473,dd47212fd49d,2026-10-09 07:45:01.122839+00
511,24,1476,dd47212fd49d,2026-10-09 07:45:01.167081+00
512,1,1486,5817fce40e5c,2026-10-09 08:00:00.31112+00
513,18,1489,5817fce40e5c,2026-10-09 08:00:00.393589+00
514,1,1490,eab51bb3319c,2026-10-09 08:00:00.421157+00
515,28,1493,eab51bb3319c,2026-10-09 08:00:00.483726+00
516,1,1494,47952598fb1f,2026-10-09 08:00:00.497445+00
517,16,1497,47952598fb1f,2026-10-09 08:00:00.54069+00
518,1,1498,4b5bfbde39ab,2026-10-09 08:00:00.556462+00
519,20,1501,4b5bfbde39ab,2026-10-09 08:00:00.603131+00
520,1,1502,afbfa0a43088,2026-10-09 08:00:00.620669+00
521,51,1505,afbfa0a43088,2026-10-09 08:00:00.672755+00
522,1,1506,a61be5254148,2026-10-09 08:00:00.688583+00
523,10,1509,a61be5254148,2026-10-09 08:00:00.741706+00
524,1,1510,e9b0f7412ab4,2026-10-09 08:00:00.762165+00
525,24,1513,e9b0f7412ab4,2026-10-09 08:00:00.795512+00
526,1,1514,20ae1025c0bc,2026-10-09 08:00:00.808992+00
527,8,1517,20ae1025c0bc,2026-10-09 08:00:00.835706+00
528,1,1518,33b75b65ec06,2026-10-09 08:00:00.853732+00
529,4,1521,33b75b65ec06,2026-10-09 08:00:00.892558+00
530,1,1522,237e5f4a9ad7,2026-10-09 08:00:00.905372+00
531,30,1525,237e5f4a9ad7,2026-10-09 08:00:00.946139+00
532,1,1526,f4feb43841bf,2026-10-09 08:00:00.969872+00
533,26,1529,f4feb43841bf,2026-10-09 08:00:01.023308+00
534,1,1540,d97435d354fe,2026-10-09 08:00:01.192592+00
535,6,1543,d97435d354fe,2026-10-09 08:00:01.240053+00
536,1,1555,b11aa8917e66,2026-10-09 08:15:00.361196+00
537,14,1558,b11aa8917e66,2026-10-09 08:15:00.46261+00
538,1,1559,1ecae681aa4f,2026-10-09 08:15:00.479793+00
539,28,1562,1ecae681aa4f,2026-10-09 08:15:00.55161+00
540,1,1563,669efb6a5f3d,2026-10-09 08:15:00.562387+00
541,16,1566,669efb6a5f3d,2026-10-09 08:15:00.592516+00
542,1,1567,d977422f9e00,2026-10-09 08:15:00.602443+00
543,18,1570,d977422f9e00,2026-10-09 08:15:00.635201+00
544,1,1571,4417074db86c,2026-10-09 08:15:00.654184+00
545,12,1574,4417074db86c,2026-10-09 08:15:00.690871+00
546,1,1575,cd39404706b1,2026-10-09 08:15:00.69923+00
547,40,1578,cd39404706b1,2026-10-09 08:15:00.744033+00
548,1,1588,f76dee064cb8,2026-10-09 08:15:00.888499+00
549,51,1591,f76dee064cb8,2026-10-09 08:15:00.936881+00
550,1,1592,608d5a0a5223,2026-10-09 08:15:00.957009+00
551,4,1595,608d5a0a5223,2026-10-09 08:15:00.994037+00
552,1,1596,11aeaa880454,2026-10-09 08:15:01.011432+00
553,34,1599,11aeaa880454,2026-10-09 08:15:01.046669+00
554,1,1600,43d54280f977,2026-10-09 08:15:01.060639+00
555,24,1603,43d54280f977,2026-10-09 08:15:01.121091+00
556,1,1604,7b7cf2ec6721,2026-10-09 08:15:01.146496+00
557,20,1607,7b7cf2ec6721,2026-10-09 08:15:01.206488+00
558,1,1608,f18ea131078a,2026-10-09 08:15:01.24044+00
559,30,1611,f18ea131078a,2026-10-09 08:15:01.350883+00
560,1,1612,1e53c77f9fb2,2026-10-09 08:15:01.380978+00
561,10,1615,1e53c77f9fb2,2026-10-09 08:15:01.460294+00
562,1,1628,a0ee5b49d460,2026-10-09 08:30:00.393848+00
563,14,1631,a0ee5b49d460,2026-10-09 08:30:00.478277+00
564,1,1632,d6f9d476f922,2026-10-09 08:30:00.491972+00
565,51,1635,d6f9d476f922,2026-10-09 08:30:00.556051+00
566,1,1636,7998c1d761aa,2026-10-09 08:30:00.574608+00
567,18,1639,7998c1d761aa,2026-10-09 08:30:00.632531+00
568,1,1640,09f4665ae0ce,2026-10-09 08:30:00.652106+00
569,30,1643,09f4665ae0ce,2026-10-09 08:30:00.685753+00
570,1,1644,f43193710eb0,2026-10-09 08:30:00.70288+00
571,10,1647,f43193710eb0,2026-10-09 08:30:00.74226+00
572,1,1648,bb37f69a2006,2026-10-09 08:30:00.759809+00
573,24,1651,bb37f69a2006,2026-10-09 08:30:00.814454+00
574,1,1652,0b02392c9c53,2026-10-09 08:30:00.826259+00
575,12,1655,0b02392c9c53,2026-10-09 08:30:00.885343+00
576,1,1656,231a3909b8fd,2026-10-09 08:30:00.903926+00
577,26,1659,231a3909b8fd,2026-10-09 08:30:00.957928+00
578,1,1668,ad9649107598,2026-10-09 08:30:01.129237+00
579,34,1671,ad9649107598,2026-10-09 08:30:01.198346+00
580,1,1672,2d66e1e896a6,2026-10-09 08:30:01.212103+00
581,28,1675,2d66e1e896a6,2026-10-09 08:30:01.242742+00
582,1,1676,73cb27d5c0fe,2026-10-09 08:30:01.258032+00
583,63,1679,73cb27d5c0fe,2026-10-09 08:30:01.304861+00
584,114,1687,73cb27d5c0fe,2026-10-09 08:30:01.435529+00
585,1,1700,fd1ce4a53125,2026-10-09 08:45:00.275261+00
586,4,1703,fd1ce4a53125,2026-10-09 08:45:00.348476+00
587,1,1704,82ba159b5362,2026-10-09 08:45:00.380037+00
588,51,1707,82ba159b5362,2026-10-09 08:45:00.470602+00
589,1,1708,1517a6868db9,2026-10-09 08:45:00.487394+00
590,24,1711,1517a6868db9,2026-10-09 08:45:00.525898+00
591,1,1712,800b6996eaef,2026-10-09 08:45:00.543034+00
592,105,1715,800b6996eaef,2026-10-09 08:45:00.592026+00
593,1,1726,01e1c264cc04,2026-10-09 08:45:00.795952+00
594,12,1729,01e1c264cc04,2026-10-09 08:45:00.850613+00
595,1,1730,9a11336e0c2b,2026-10-09 08:45:00.870645+00
596,28,1733,9a11336e0c2b,2026-10-09 08:45:00.90828+00
597,1,1734,59c9e39f20ee,2026-10-09 08:45:00.927384+00
598,34,1737,59c9e39f20ee,2026-10-09 08:45:00.977738+00
599,1,1738,2b85e38b5f35,2026-10-09 08:45:00.987199+00
600,44,1741,2b85e38b5f35,2026-10-09 08:45:01.030428+00
601,1,1752,8d15d1b28c71,2026-10-09 08:45:01.267656+00
602,14,1755,8d15d1b28c71,2026-10-09 08:45:01.297795+00
603,1,1763,ccae567b9f62,2026-10-09 09:00:00.500898+00
604,24,1766,ccae567b9f62,2026-10-09 09:00:00.543928+00
605,1,1767,7b38fa8378be,2026-10-09 09:00:00.550686+00
606,20,1770,7b38fa8378be,2026-10-09 09:00:00.582693+00
607,1,1771,eec311636d38,2026-10-09 09:00:00.591034+00
608,10,1774,eec311636d38,2026-10-09 09:00:00.625662+00
609,1,1775,f5089d3f7ac0,2026-10-09 09:00:00.637462+00
610,16,1778,f5089d3f7ac0,2026-10-09 09:00:00.676433+00
611,1,1779,f3c03ef27ba2,2026-10-09 09:00:00.685047+00
612,18,1782,f3c03ef27ba2,2026-10-09 09:00:00.772326+00
613,1,1783,24d9c908d02a,2026-10-09 09:00:00.813082+00
614,30,1786,24d9c908d02a,2026-10-09 09:00:00.899019+00
615,1,1787,d499f4c6ab91,2026-10-09 09:00:00.908959+00
616,116,1790,d499f4c6ab91,2026-10-09 09:00:00.968159+00
617,280,1796,d499f4c6ab91,2026-10-09 09:00:01.06243+00
618,1,1800,f931a5f6ce3c,2026-10-09 09:00:01.099914+00
619,14,1803,f931a5f6ce3c,2026-10-09 09:00:01.139565+00
620,1,1804,be0f7566c3b0,2026-10-09 09:00:01.149904+00
621,34,1807,be0f7566c3b0,2026-10-09 09:00:01.198762+00
622,1,1808,4e4b223dd92c,2026-10-09 09:00:01.215943+00
623,12,1811,4e4b223dd92c,2026-10-09 09:00:01.26587+00
624,1,1812,a254ae958f59,2026-10-09 09:00:01.283735+00
625,4,1815,a254ae958f59,2026-10-09 09:00:01.331921+00
626,1,1816,428aafa3094e,2026-10-09 09:00:01.350054+00
627,28,1819,428aafa3094e,2026-10-09 09:00:01.379565+00
628,1,1820,e535bc90dfb8,2026-10-09 09:00:01.391577+00
629,232,1823,e535bc90dfb8,2026-10-09 09:00:01.439884+00
630,192,1831,e535bc90dfb8,2026-10-09 09:00:01.556954+00
631,1,1834,5c8f33aea7a5,2026-10-09 09:00:01.592651+00
632,6,1837,5c8f33aea7a5,2026-10-09 09:00:01.626838+00
633,1,1838,be013c4600e9,2026-10-09 09:00:01.640244+00
634,51,1841,be013c4600e9,2026-10-09 09:00:01.67827+00
635,1,1855,0cf0525ed922,2026-10-09 09:15:00.409632+00
636,12,1858,0cf0525ed922,2026-10-09 09:15:00.522767+00
637,1,1859,fae9a4a9c732,2026-10-09 09:15:00.552005+00
638,28,1862,fae9a4a9c732,2026-10-09 09:15:00.590788+00
639,1,1863,172dbbbc2d53,2026-10-09 09:15:00.602962+00
640,18,1866,172dbbbc2d53,2026-10-09 09:15:00.633321+00
641,1,1867,1cbd18242df8,2026-10-09 09:15:00.651176+00
642,4,1870,1cbd18242df8,2026-10-09 09:15:00.691643+00
643,1,1871,21140820d513,2026-10-09 09:15:00.705338+00
644,14,1874,21140820d513,2026-10-09 09:15:00.747276+00
645,1,1875,22d3aace21dc,2026-10-09 09:15:00.761879+00
646,10,1878,22d3aace21dc,2026-10-09 09:15:00.802522+00
647,1,1879,1fd398ce9b4a,2026-10-09 09:15:00.820874+00
648,6,1882,1fd398ce9b4a,2026-10-09 09:15:00.877303+00
649,1,1883,7fa342cd4d58,2026-10-09 09:15:00.88296+00
650,51,1886,7fa342cd4d58,2026-10-09 09:15:00.919237+00
651,1,1887,735378d870f9,2026-10-09 09:15:00.940957+00
652,34,1890,735378d870f9,2026-10-09 09:15:00.982804+00
653,1,1891,9d8c24790023,2026-10-09 09:15:00.99887+00
654,20,1894,9d8c24790023,2026-10-09 09:15:01.048743+00
655,1,1895,8e5bbb2fcdce,2026-10-09 09:15:01.061579+00
656,8,1898,8e5bbb2fcdce,2026-10-09 09:15:01.097163+00
657,1,1899,d67130077ee3,2026-10-09 09:15:01.116899+00
658,24,1902,d67130077ee3,2026-10-09 09:15:01.15985+00
659,1,1903,67dd67940ce5,2026-10-09 09:15:01.171122+00
660,16,1906,67dd67940ce5,2026-10-09 09:15:01.20925+00
661,1,1907,ba48472e1995,2026-10-09 09:15:01.224243+00
662,30,1910,ba48472e1995,2026-10-09 09:15:01.266937+00
663,1,1911,2757f0b0e6be,2026-10-09 09:15:01.278061+00
664,44,1914,2757f0b0e6be,2026-10-09 09:15:01.328069+00
665,493,1918,2757f0b0e6be,2026-10-09 09:15:01.380995+00
666,1,1939,85fa5735fd29,2026-10-09 09:30:00.442+00
667,28,1942,85fa5735fd29,2026-10-09 09:30:00.557714+00
668,1,1943,8e7480bc1f5e,2026-10-09 09:30:00.58251+00
669,30,1946,8e7480bc1f5e,2026-10-09 09:30:00.63363+00
670,1,1947,4ddcb4f3de26,2026-10-09 09:30:00.646365+00
671,4,1950,4ddcb4f3de26,2026-10-09 09:30:00.68462+00
672,1,1951,c9a842158a48,2026-10-09 09:30:00.698383+00
673,18,1954,c9a842158a48,2026-10-09 09:30:00.728753+00
674,1,1955,6aad37ae3e54,2026-10-09 09:30:00.747345+00
675,12,1958,6aad37ae3e54,2026-10-09 09:30:00.782584+00
676,1,1959,67864180539f,2026-10-09 09:30:00.794571+00
677,34,1962,67864180539f,2026-10-09 09:30:00.828929+00
678,1,1963,086f07cc4607,2026-10-09 09:30:00.84073+00
679,139,1966,086f07cc4607,2026-10-09 09:30:00.876036+00
680,1,1975,2953bf828cd6,2026-10-09 09:30:01.014846+00
681,6,1978,2953bf828cd6,2026-10-09 09:30:01.054343+00
682,1,1979,c5b8b526335c,2026-10-09 09:30:01.067023+00
683,16,1982,c5b8b526335c,2026-10-09 09:30:01.110796+00
684,1,1991,1f6bca7f562a,2026-10-09 09:45:00.27994+00
685,20,1994,1f6bca7f562a,2026-10-09 09:45:00.36108+00
686,1,1995,c0a1cd4acaac,2026-10-09 09:45:00.377721+00
687,18,1998,c0a1cd4acaac,2026-10-09 09:45:00.455784+00
688,1,1999,4ec062f53b33,2026-10-09 09:45:00.472153+00
689,14,2002,4ec062f53b33,2026-10-09 09:45:00.519113+00
690,1,2003,3c1bf4ee1267,2026-10-09 09:45:00.525765+00
691,24,2006,3c1bf4ee1267,2026-10-09 09:45:00.561312+00
692,1,2007,ba6d984a7f35,2026-10-09 09:45:00.571373+00
693,51,2010,ba6d984a7f35,2026-10-09 09:45:00.625284+00
694,1,2011,f646d3ebb5f2,2026-10-09 09:45:00.639186+00
695,34,2014,f646d3ebb5f2,2026-10-09 09:45:00.688001+00
696,1,2015,95c4f01eb711,2026-10-09 09:45:00.708222+00
697,44,2018,95c4f01eb711,2026-10-09 09:45:00.747325+00
698,1,2027,5416b4bd3f99,2026-10-09 09:45:00.870659+00
699,28,2030,5416b4bd3f99,2026-10-09 09:45:00.922203+00
700,1,2031,a3d5934a1086,2026-10-09 09:45:00.934977+00
701,12,2034,a3d5934a1086,2026-10-09 09:45:00.970496+00
702,1,2035,e0495a20240c,2026-10-09 09:45:00.993355+00
703,179,2038,e0495a20240c,2026-10-09 09:45:01.027906+00
704,192,2047,e0495a20240c,2026-10-09 09:45:01.182854+00
705,1,2058,41ffe9d62116,2026-10-09 10:00:00.372529+00
706,51,2061,41ffe9d62116,2026-10-09 10:00:00.431529+00
707,1,2062,fffca2d9068f,2026-10-09 10:00:00.448653+00
708,20,2065,fffca2d9068f,2026-10-09 10:00:00.544659+00
709,1,2066,74e33994523e,2026-10-09 10:00:00.573222+00
710,16,2069,74e33994523e,2026-10-09 10:00:00.615182+00
711,1,2070,747ff8ddcd06,2026-10-09 10:00:00.635422+00
712,191,2073,747ff8ddcd06,2026-10-09 10:00:00.674664+00
713,280,2082,747ff8ddcd06,2026-10-09 10:00:00.84588+00
714,1,2085,14a9c508a7e5,2026-10-09 10:00:00.900925+00
715,14,2088,14a9c508a7e5,2026-10-09 10:00:00.948395+00
716,1,2089,4585c67b5b55,2026-10-09 10:00:00.959135+00
717,10,2092,4585c67b5b55,2026-10-09 10:00:00.992531+00
718,1,2093,5a9c77beb22e,2026-10-09 10:00:01.002783+00
719,8,2096,5a9c77beb22e,2026-10-09 10:00:01.062553+00
720,1,2097,120cc6953dee,2026-10-09 10:00:01.07519+00
721,30,2100,120cc6953dee,2026-10-09 10:00:01.136594+00
722,1,2101,d0699117a66a,2026-10-09 10:00:01.152924+00
723,18,2104,d0699117a66a,2026-10-09 10:00:01.216254+00
724,1,2105,253f84348a0a,2026-10-09 10:00:01.24132+00
725,4,2108,253f84348a0a,2026-10-09 10:00:01.30645+00
726,1,2109,f858bd4dc267,2026-10-09 10:00:01.318443+00
727,24,2112,f858bd4dc267,2026-10-09 10:00:01.367683+00
728,1,2113,2c7bb1d5e239,2026-10-09 10:00:01.381343+00
729,28,2116,2c7bb1d5e239,2026-10-09 10:00:01.445225+00
730,1,2117,1f9c0807488e,2026-10-09 10:00:01.470355+00
731,12,2120,1f9c0807488e,2026-10-09 10:00:01.54758+00
732,1,2121,8aa7720a9a6c,2026-10-09 10:00:01.579673+00
733,179,2124,8aa7720a9a6c,2026-10-09 10:00:01.695447+00
734,493,2129,8aa7720a9a6c,2026-10-09 10:00:01.806216+00
735,1,2135,51ec237b37fb,2026-10-09 10:00:01.869322+00
736,6,2138,51ec237b37fb,2026-10-09 10:00:01.908846+00
737,1,2152,7063f914e2e7,2026-10-09 10:15:00.400081+00
738,34,2155,7063f914e2e7,2026-10-09 10:15:00.517534+00
739,1,2156,195b3e13c1fa,2026-10-09 10:15:00.547194+00
740,4,2159,195b3e13c1fa,2026-10-09 10:15:00.61285+00
741,1,2160,fc16dfb90578,2026-10-09 10:15:00.651497+00
742,216,2163,fc16dfb90578,2026-10-09 10:15:00.69908+00
743,192,2168,fc16dfb90578,2026-10-09 10:15:00.813717+00
744,1,2173,0b22373c899c,2026-10-09 10:15:00.961056+00
745,10,2176,0b22373c899c,2026-10-09 10:15:01.001895+00
746,1,2177,f2c08a946c72,2026-10-09 10:15:01.017521+00
747,18,2180,f2c08a946c72,2026-10-09 10:15:01.077837+00
748,1,2181,b82984ae12a7,2026-10-09 10:15:01.089481+00
749,28,2184,b82984ae12a7,2026-10-09 10:15:01.120275+00
750,1,2185,03ae4ad4f9aa,2026-10-09 10:15:01.130844+00
751,6,2188,03ae4ad4f9aa,2026-10-09 10:15:01.167377+00
752,1,2189,ac136671d9c1,2026-10-09 10:15:01.176379+00
753,14,2192,ac136671d9c1,2026-10-09 10:15:01.20749+00
754,1,2193,cdfefdb21087,2026-10-09 10:15:01.213695+00
755,51,2196,cdfefdb21087,2026-10-09 10:15:01.242801+00
756,1,2197,abc79c366331,2026-10-09 10:15:01.251658+00
757,16,2200,abc79c366331,2026-10-09 10:15:01.279383+00
758,1,2201,7b03ef5675ef,2026-10-09 10:15:01.289416+00
759,30,2204,7b03ef5675ef,2026-10-09 10:15:01.316947+00
760,1,2205,51b60c4d4aab,2026-10-09 10:15:01.343141+00
761,12,2208,51b60c4d4aab,2026-10-09 10:15:01.388263+00
762,1,2209,51d0856c9916,2026-10-09 10:15:01.409116+00
763,20,2212,51d0856c9916,2026-10-09 10:15:01.469351+00
764,1,2225,8f39fbbbb98d,2026-10-09 10:30:00.283262+00
765,30,2228,8f39fbbbb98d,2026-10-09 10:30:00.349633+00
766,1,2229,47ab9dcb1d96,2026-10-09 10:30:00.359351+00
767,232,2232,47ab9dcb1d96,2026-10-09 10:30:00.42434+00
768,280,2239,47ab9dcb1d96,2026-10-09 10:30:00.575902+00
769,1,2242,12a0a5cc7bb4,2026-10-09 10:30:00.611066+00
770,18,2245,12a0a5cc7bb4,2026-10-09 10:30:00.662335+00
771,1,2246,95aa29637595,2026-10-09 10:30:00.680037+00
772,10,2249,95aa29637595,2026-10-09 10:30:00.735542+00
773,1,2250,5c6cad7458b9,2026-10-09 10:30:00.74604+00
774,51,2253,5c6cad7458b9,2026-10-09 10:30:00.787795+00
775,1,2258,27a2e45defd2,2026-10-09 10:45:00.335975+00
776,4,2261,27a2e45defd2,2026-10-09 10:45:00.404845+00
777,1,2262,04bb53075dae,2026-10-09 10:45:00.428041+00
778,12,2265,04bb53075dae,2026-10-09 10:45:00.514014+00
779,1,2266,b90c5f9a21ff,2026-10-09 10:45:00.577288+00
780,51,2269,b90c5f9a21ff,2026-10-09 10:45:00.623345+00
781,1,2270,9c99b694b1ca,2026-10-09 10:45:00.634958+00
782,10,2273,9c99b694b1ca,2026-10-09 10:45:00.672247+00
783,1,2274,51761d6fd219,2026-10-09 10:45:00.687229+00
784,16,2277,51761d6fd219,2026-10-09 10:45:00.76286+00
785,1,2278,fc279214c284,2026-10-09 10:45:00.781289+00
786,2,2281,fc279214c284,2026-10-09 10:45:00.834717+00
787,1,2291,8636988d1336,2026-10-09 10:45:00.965198+00
788,8,2294,8636988d1336,2026-10-09 10:45:01.017913+00
789,1,2295,3fc1c1b8d9f0,2026-10-09 10:45:01.030975+00
790,28,2298,3fc1c1b8d9f0,2026-10-09 10:45:01.060397+00
791,1,2299,166a1c268ded,2026-10-09 10:45:01.07268+00
792,14,2302,166a1c268ded,2026-10-09 10:45:01.11655+00
793,1,2303,af24f08dc2ff,2026-10-09 10:45:01.133507+00
794,24,2306,af24f08dc2ff,2026-10-09 10:45:01.16566+00
795,1,2307,52fee5398730,2026-10-09 10:45:01.175735+00
796,20,2310,52fee5398730,2026-10-09 10:45:01.209141+00
797,1,2311,b13133689f38,2026-10-09 10:45:01.232162+00
798,30,2314,b13133689f38,2026-10-09 10:45:01.275274+00
799,1,2326,7b447edda302,2026-10-09 11:00:00.460665+00
800,20,2329,7b447edda302,2026-10-09 11:00:00.603015+00
801,1,2330,3882cb4a49b6,2026-10-09 11:00:00.644847+00
802,14,2333,3882cb4a49b6,2026-10-09 11:00:00.746407+00
803,1,2334,1e2ccbef3479,2026-10-09 11:00:00.784564+00
804,28,2337,1e2ccbef3479,2026-10-09 11:00:00.863109+00
805,1,2338,95a749fd3fb7,2026-10-09 11:00:00.876518+00
806,12,2341,95a749fd3fb7,2026-10-09 11:00:00.911788+00
807,1,2342,94b81b82bf38,2026-10-09 11:00:00.941639+00
808,26,2345,94b81b82bf38,2026-10-09 11:00:00.998515+00
809,1,2353,4feb9f085cc8,2026-10-09 11:00:01.090917+00
810,10,2356,4feb9f085cc8,2026-10-09 11:00:01.133923+00
811,1,2357,455352531eac,2026-10-09 11:00:01.143947+00
812,232,2360,455352531eac,2026-10-09 11:00:01.183592+00
813,45,2367,455352531eac,2026-10-09 11:00:01.303076+00
814,1,2372,11fe1238cfe1,2026-10-09 11:00:01.370947+00
815,30,2375,11fe1238cfe1,2026-10-09 11:00:01.409265+00
816,1,2376,0b7c3290df7a,2026-10-09 11:00:01.418693+00
817,51,2379,0b7c3290df7a,2026-10-09 11:00:01.461748+00
